orden_id,activo_id,tipo_orden,fecha_creacion,fecha_ejecucion,estado,prioridad,descripcion
OM-00001,ACT-0023,CORRECTIVO,,2026-03-17T00:00:00,COMPLETADA,ALTA,Orden de predictivo para activo ACT-0029
OM-00002,ACT-0012,CORRECTIVO,2026-03-27T00:00:00,,CANCELADA,ALTA,Orden de correctivo para activo ACT-0004
OM-00003,ACT-0047,PREDICTIVO,2026-01-14T00:00:00,2026-01-18T00:00:00,COMPLETADA,ALTA,Orden de correctivo para activo ACT-0017
OM-00004,ACT-0047,PREVENTIVO,2026-04-12T00:00:00,,CANCELADA,MEDIA,Orden de preventivo para activo ACT-0018
OM-00005,ACT-0019,PREDICTIVO,2026-03-16T00:00:00,,CANCELADA,BAJA,Orden de predictivo para activo ACT-0012
OM-00006,ACT-0032,PREDICTIVO,2026-01-22T00:00:00,,ABIERTA,MEDIA,Orden de correctivo para activo ACT-0006
OM-00007,ACT-0035,PREDICTIVO,2026-04-20T00:00:00,2026-05-05T00:00:00,EN_PROCESO,MEDIA,Orden de preventivo para activo ACT-0029
OM-00008,ACT-0025,PREDICTIVO,,2026-01-22T00:00:00,EN_PROCESO,ALTA,Orden de predictivo para activo ACT-0002
OM-00009,ACT-0024,PREDICTIVO,2026-02-22T00:00:00,,ABIERTA,BAJA,Orden de preventivo para activo ACT-0048
OM-00010,ACT-0019,PREVENTIVO,2026-03-21T00:00:00,2026-03-29T00:00:00,EN_PROCESO,MEDIA,Orden de correctivo para activo ACT-0005
OM-00011,ACT-0028,PREDICTIVO,2026-03-17T00:00:00,,CANCELADA,MEDIA,Orden de correctivo para activo ACT-0021
OM-00012,ACT-0036,CORRECTIVO,2026-03-14T00:00:00,,ABIERTA,MEDIA,Orden de correctivo para activo ACT-0007
OM-00013,ACT-0016,CORRECTIVO,2026-02-22T00:00:00,,CANCELADA,MEDIA,Orden de correctivo para activo ACT-0046
OM-00014,ACT-0049,PREVENTIVO,2026-04-03T00:00:00,2026-04-16T00:00:00,COMPLETADA,ALTA,Orden de preventivo para activo ACT-0037
OM-00015,ACT-0015,PREVENTIVO,2026-03-07T00:00:00,2026-03-08T00:00:00,COMPLETADA,MEDIA,Orden de correctivo para activo ACT-0027
OM-00016,ACT-0029,PREVENTIVO,2026-03-30T00:00:00,,ABIERTA,MEDIA,Orden de preventivo para activo ACT-0021
OM-00017,ACT-0010,PREDICTIVO,2026-02-21T00:00:00,,CANCELADA,MEDIA,Orden de preventivo para activo ACT-0028
OM-00018,ACT-0011,PREVENTIVO,2026-02-20T00:00:00,2026-02-25T00:00:00,EN_PROCESO,BAJA,Orden de predictivo para activo ACT-0035
OM-00019,ACT-0027,CORRECTIVO,,,CANCELADA,ALTA,Orden de preventivo para activo ACT-0004
OM-00020,ACT-0031,PREDICTIVO,2026-02-08T00:00:00,2026-02-11T00:00:00,COMPLETADA,ALTA,Orden de correctivo para activo ACT-0036
OM-00021,ACT-0041,CORRECTIVO,2026-04-02T00:00:00,2026-04-11T00:00:00,COMPLETADA,BAJA,Orden de preventivo para activo ACT-0035
OM-00022,ACT-0047,PREDICTIVO,2026-03-16T00:00:00,,CANCELADA,ALTA,Orden de correctivo para activo ACT-0040
OM-00023,ACT-0027,PREDICTIVO,2026-02-10T00:00:00,2026-02-12T00:00:00,COMPLETADA,ALTA,Orden de correctivo para activo ACT-0003
OM-00024,ACT-0042,PREDICTIVO,2026-01-31T00:00:00,,CANCELADA,MEDIA,Orden de predictivo para activo ACT-0032
OM-00025,ACT-0019,PREDICTIVO,2026-02-21T00:00:00,2026-03-08T00:00:00,COMPLETADA,ALTA,Orden de correctivo para activo ACT-0023
OM-00026,ACT-0013,PREVENTIVO,2026-04-08T00:00:00,,CANCELADA,BAJA,Orden de predictivo para activo ACT-0010
OM-00027,ACT-0044,CORRECTIVO,2026-04-07T00:00:00,,CANCELADA,MEDIA,Orden de correctivo para activo ACT-0050
OM-00028,ACT-0009,PREDICTIVO,2026-01-28T00:00:00,2026-02-02T00:00:00,COMPLETADA,BAJA,
OM-00029,ACT-0009,PREVENTIVO,2026-03-25T00:00:00,,ABIERTA,ALTA,Orden de predictivo para activo ACT-0004
OM-00030,ACT-0002,CORRECTIVO,2026-03-09T00:00:00,2026-03-22T00:00:00,EN_PROCESO,BAJA,Orden de preventivo para activo ACT-0044
OM-00031,ACT-0011,CORRECTIVO,2026-04-11T00:00:00,2026-04-18T00:00:00,COMPLETADA,ALTA,Orden de preventivo para activo ACT-0032
OM-00032,ACT-0012,CORRECTIVO,2026-01-29T00:00:00,2026-02-13T00:00:00,COMPLETADA,MEDIA,Orden de predictivo para activo ACT-0027
OM-00033,ACT-0012,PREVENTIVO,2026-02-25T00:00:00,,CANCELADA,BAJA,Orden de predictivo para activo ACT-0035
OM-00034,ACT-0020,PREVENTIVO,2026-01-29T00:00:00,2026-02-13T00:00:00,EN_PROCESO,MEDIA,Orden de preventivo para activo ACT-0009
OM-00035,ACT-0016,PREDICTIVO,2026-01-05T00:00:00,2026-01-17T00:00:00,COMPLETADA,ALTA,Orden de predictivo para activo ACT-0001
OM-00036,ACT-0013,PREVENTIVO,2026-01-17T00:00:00,,ABIERTA,ALTA,
OM-00037,ACT-0005,CORRECTIVO,2026-02-07T00:00:00,2026-02-13T00:00:00,COMPLETADA,ALTA,Orden de predictivo para activo ACT-0023
OM-00038,ACT-0015,CORRECTIVO,2026-02-26T00:00:00,2026-03-10T00:00:00,EN_PROCESO,ALTA,Orden de correctivo para activo ACT-0038
OM-00039,ACT-0016,PREVENTIVO,2026-01-07T00:00:00,2026-01-16T00:00:00,COMPLETADA,ALTA,Orden de predictivo para activo ACT-0001
OM-00040,ACT-0015,PREDICTIVO,2026-02-22T00:00:00,2026-03-02T00:00:00,EN_PROCESO,ALTA,Orden de correctivo para activo ACT-0029
OM-00041,ACT-0050,CORRECTIVO,2026-04-06T00:00:00,,CANCELADA,MEDIA,Orden de preventivo para activo ACT-0023
OM-00042,ACT-0048,CORRECTIVO,2026-01-31T00:00:00,2026-02-12T00:00:00,EN_PROCESO,ALTA,Orden de correctivo para activo ACT-0030
OM-00043,ACT-0011,CORRECTIVO,2026-04-15T00:00:00,2026-04-24T00:00:00,EN_PROCESO,MEDIA,Orden de correctivo para activo ACT-0007
OM-00044,ACT-0019,CORRECTIVO,2026-01-19T00:00:00,2026-01-28T00:00:00,COMPLETADA,MEDIA,Orden de preventivo para activo ACT-0030
OM-00045,ACT-0005,PREDICTIVO,2026-04-14T00:00:00,,ABIERTA,BAJA,Orden de predictivo para activo ACT-0050
OM-00046,ACT-0017,PREVENTIVO,2026-02-10T00:00:00,,ABIERTA,ALTA,Orden de preventivo para activo ACT-0019
OM-00047,ACT-0007,CORRECTIVO,2026-03-10T00:00:00,,ABIERTA,MEDIA,Orden de predictivo para activo ACT-0006
OM-00048,ACT-0049,PREVENTIVO,2026-01-13T00:00:00,,CANCELADA,ALTA,Orden de preventivo para activo ACT-0016
OM-00049,ACT-0002,PREVENTIVO,2026-03-12T00:00:00,,CANCELADA,BAJA,Orden de correctivo para activo ACT-0006
OM-00050,ACT-0034,CORRECTIVO,2026-03-20T00:00:00,,EN_PROCESO,ALTA,Orden de predictivo para activo ACT-0021
OM-00051,ACT-0001,CORRECTIVO,2026-01-23T00:00:00,,ABIERTA,ALTA,Orden de correctivo para activo ACT-0049
OM-00052,ACT-0040,CORRECTIVO,,2026-02-28T00:00:00,COMPLETADA,ALTA,Orden de correctivo para activo ACT-0031
OM-00053,ACT-0034,PREVENTIVO,2026-01-15T00:00:00,,CANCELADA,BAJA,
OM-00054,ACT-0013,CORRECTIVO,2026-02-15T00:00:00,,ABIERTA,ALTA,Orden de preventivo para activo ACT-0044
OM-00055,ACT-0022,CORRECTIVO,2026-03-22T00:00:00,,CANCELADA,BAJA,Orden de predictivo para activo ACT-0035
OM-00056,ACT-0003,PREVENTIVO,2026-01-03T00:00:00,2026-01-07T00:00:00,COMPLETADA,BAJA,Orden de predictivo para activo ACT-0010
OM-00057,ACT-0037,PREVENTIVO,2026-03-10T00:00:00,2026-03-20T00:00:00,COMPLETADA,BAJA,Orden de preventivo para activo ACT-0006
OM-00058,ACT-0040,PREDICTIVO,2026-03-19T00:00:00,,CANCELADA,BAJA,Orden de preventivo para activo ACT-0016
OM-00059,ACT-0044,PREVENTIVO,2026-01-15T00:00:00,2026-01-22T00:00:00,EN_PROCESO,ALTA,Orden de preventivo para activo ACT-0038
OM-00060,ACT-0027,CORRECTIVO,2026-04-17T00:00:00,,CANCELADA,ALTA,Orden de predictivo para activo ACT-0015
OM-00061,ACT-0009,PREDICTIVO,2026-01-26T00:00:00,,CANCELADA,BAJA,Orden de predictivo para activo ACT-0002
OM-00062,ACT-0038,PREVENTIVO,2026-04-07T00:00:00,2026-04-19T00:00:00,EN_PROCESO,MEDIA,Orden de correctivo para activo ACT-0042
OM-00063,ACT-0020,PREDICTIVO,2026-01-10T00:00:00,,EN_PROCESO,BAJA,Orden de preventivo para activo ACT-0005
OM-00064,ACT-0013,PREDICTIVO,2026-02-09T00:00:00,2026-02-10T00:00:00,EN_PROCESO,MEDIA,Orden de correctivo para activo ACT-0024
OM-00065,ACT-0015,PREVENTIVO,2026-04-01T00:00:00,,ABIERTA,BAJA,Orden de correctivo para activo ACT-0036
OM-00066,ACT-0016,CORRECTIVO,2026-04-19T00:00:00,,CANCELADA,ALTA,Orden de correctivo para activo ACT-0025
OM-00067,ACT-0041,PREVENTIVO,2026-04-20T00:00:00,2026-04-30T00:00:00,COMPLETADA,BAJA,Orden de preventivo para activo ACT-0023
OM-00068,ACT-0032,PREVENTIVO,2026-02-14T00:00:00,,ABIERTA,BAJA,Orden de preventivo para activo ACT-0027
OM-00069,ACT-0041,CORRECTIVO,2026-02-27T00:00:00,,CANCELADA,BAJA,Orden de correctivo para activo ACT-0047
OM-00070,ACT-0023,PREVENTIVO,2026-04-01T00:00:00,2026-04-06T00:00:00,EN_PROCESO,BAJA,Orden de preventivo para activo ACT-0041
OM-00071,ACT-0037,PREVENTIVO,2026-03-22T00:00:00,2026-04-03T00:00:00,EN_PROCESO,MEDIA,Orden de predictivo para activo ACT-0012
OM-00072,ACT-0044,PREDICTIVO,2026-01-22T00:00:00,,CANCELADA,MEDIA,Orden de predictivo para activo ACT-0009
OM-00073,ACT-0046,PREDICTIVO,,2026-02-20T00:00:00,EN_PROCESO,ALTA,Orden de preventivo para activo ACT-0011
OM-00074,ACT-0036,CORRECTIVO,2026-04-07T00:00:00,2026-04-11T00:00:00,EN_PROCESO,ALTA,Orden de correctivo para activo ACT-0047
OM-00075,ACT-0008,PREDICTIVO,2026-02-18T00:00:00,,ABIERTA,BAJA,Orden de preventivo para activo ACT-0006
OM-00076,ACT-0018,CORRECTIVO,2026-03-21T00:00:00,,ABIERTA,BAJA,Orden de correctivo para activo ACT-0047
OM-00077,ACT-0010,CORRECTIVO,2026-04-12T00:00:00,2026-04-27T00:00:00,COMPLETADA,ALTA,Orden de preventivo para activo ACT-0001
OM-00078,ACT-0035,PREVENTIVO,2026-04-18T00:00:00,2026-04-23T00:00:00,EN_PROCESO,MEDIA,Orden de predictivo para activo ACT-0031
OM-00079,ACT-0016,PREVENTIVO,2026-03-10T00:00:00,2026-03-15T00:00:00,EN_PROCESO,MEDIA,Orden de correctivo para activo ACT-0002
OM-00080,ACT-0044,CORRECTIVO,2026-02-16T00:00:00,2026-03-03T00:00:00,EN_PROCESO,MEDIA,Orden de predictivo para activo ACT-0042
OM-00081,ACT-0017,CORRECTIVO,2026-02-17T00:00:00,2026-02-27T00:00:00,COMPLETADA,ALTA,Orden de correctivo para activo ACT-0027
OM-00082,ACT-0001,PREDICTIVO,2026-04-11T00:00:00,,ABIERTA,ALTA,Orden de correctivo para activo ACT-0012
OM-00083,ACT-0041,CORRECTIVO,2026-01-23T00:00:00,,CANCELADA,ALTA,Orden de correctivo para activo ACT-0010
OM-00084,ACT-0050,CORRECTIVO,2026-03-21T00:00:00,2026-03-31T00:00:00,COMPLETADA,BAJA,Orden de predictivo para activo ACT-0025
OM-00085,ACT-0002,PREDICTIVO,2026-03-12T00:00:00,2026-03-21T00:00:00,COMPLETADA,ALTA,Orden de correctivo para activo ACT-0020
OM-00086,ACT-0016,PREDICTIVO,2026-02-13T00:00:00,,CANCELADA,BAJA,Orden de predictivo para activo ACT-0044
OM-00087,ACT-0023,PREVENTIVO,2026-04-04T00:00:00,,ABIERTA,BAJA,Orden de preventivo para activo ACT-0021
OM-00088,ACT-0033,CORRECTIVO,,,COMPLETADA,ALTA,Orden de preventivo para activo ACT-0033
OM-00089,ACT-0034,PREDICTIVO,2026-04-18T00:00:00,2026-04-26T00:00:00,COMPLETADA,BAJA,Orden de preventivo para activo ACT-0019
OM-00090,ACT-0043,PREVENTIVO,2026-03-01T00:00:00,,CANCELADA,BAJA,Orden de correctivo para activo ACT-0036
OM-00091,ACT-0012,PREDICTIVO,2026-02-21T00:00:00,,CANCELADA,MEDIA,Orden de correctivo para activo ACT-0039
OM-00092,ACT-0011,CORRECTIVO,2026-01-15T00:00:00,,ABIERTA,MEDIA,Orden de correctivo para activo ACT-0009
OM-00093,ACT-0015,PREVENTIVO,,2026-01-26T00:00:00,COMPLETADA,BAJA,Orden de predictivo para activo ACT-0027
OM-00094,ACT-0005,CORRECTIVO,2026-01-13T00:00:00,2026-01-27T00:00:00,EN_PROCESO,MEDIA,Orden de preventivo para activo ACT-0048
OM-00095,ACT-0039,PREDICTIVO,2026-01-23T00:00:00,2026-01-25T00:00:00,COMPLETADA,ALTA,Orden de correctivo para activo ACT-0043
OM-00096,ACT-0015,CORRECTIVO,2026-02-19T00:00:00,,ABIERTA,BAJA,Orden de correctivo para activo ACT-0044
OM-00097,ACT-0047,CORRECTIVO,2026-03-24T00:00:00,,ABIERTA,MEDIA,Orden de correctivo para activo ACT-0050
OM-00098,ACT-0002,PREVENTIVO,2026-01-14T00:00:00,,COMPLETADA,BAJA,Orden de correctivo para activo ACT-0043
OM-00099,ACT-0027,CORRECTIVO,2026-01-09T00:00:00,,CANCELADA,BAJA,Orden de correctivo para activo ACT-0028
OM-00100,ACT-0045,PREDICTIVO,2026-04-16T00:00:00,2026-04-25T00:00:00,COMPLETADA,ALTA,Orden de correctivo para activo ACT-0014
OM-00101,ACT-0033,PREVENTIVO,2026-04-20T00:00:00,2026-04-23T00:00:00,COMPLETADA,MEDIA,Orden de preventivo para activo ACT-0019
OM-00102,ACT-0029,PREVENTIVO,2026-01-11T00:00:00,2026-01-23T00:00:00,COMPLETADA,BAJA,Orden de predictivo para activo ACT-0011
OM-00103,ACT-0024,CORRECTIVO,2026-02-05T00:00:00,2026-02-15T00:00:00,COMPLETADA,ALTA,Orden de correctivo para activo ACT-0014
OM-00104,ACT-0012,CORRECTIVO,2026-04-08T00:00:00,2026-04-10T00:00:00,COMPLETADA,ALTA,Orden de predictivo para activo ACT-0036
OM-00105,ACT-0016,PREDICTIVO,2026-01-20T00:00:00,2026-01-23T00:00:00,COMPLETADA,MEDIA,Orden de preventivo para activo ACT-0021
OM-00106,ACT-0045,PREVENTIVO,2026-02-27T00:00:00,2026-03-08T00:00:00,EN_PROCESO,MEDIA,Orden de correctivo para activo ACT-0043
OM-00107,ACT-0032,CORRECTIVO,2026-03-26T00:00:00,2026-04-10T00:00:00,COMPLETADA,MEDIA,Orden de preventivo para activo ACT-0003
OM-00108,ACT-0036,CORRECTIVO,2026-02-03T00:00:00,2026-02-08T00:00:00,COMPLETADA,BAJA,Orden de predictivo para activo ACT-0049
OM-00109,ACT-0023,PREVENTIVO,,2026-02-06T00:00:00,COMPLETADA,ALTA,Orden de correctivo para activo ACT-0001
OM-00110,ACT-0025,CORRECTIVO,2026-04-08T00:00:00,2026-04-14T00:00:00,COMPLETADA,MEDIA,Orden de predictivo para activo ACT-0045
OM-00111,ACT-0014,CORRECTIVO,2026-02-02T00:00:00,2026-02-04T00:00:00,COMPLETADA,ALTA,Orden de correctivo para activo ACT-0024
OM-00112,ACT-0024,PREDICTIVO,2026-01-18T00:00:00,2026-01-23T00:00:00,COMPLETADA,BAJA,Orden de correctivo para activo ACT-0014
OM-00113,ACT-0040,CORRECTIVO,2026-01-23T00:00:00,,CANCELADA,MEDIA,Orden de preventivo para activo ACT-0007
OM-00114,ACT-0020,CORRECTIVO,2026-03-13T00:00:00,2026-03-22T00:00:00,EN_PROCESO,BAJA,Orden de preventivo para activo ACT-0004
OM-00115,ACT-0007,CORRECTIVO,2026-02-01T00:00:00,2026-02-11T00:00:00,COMPLETADA,BAJA,Orden de correctivo para activo ACT-0020
OM-00116,ACT-0009,PREDICTIVO,2026-02-05T00:00:00,2026-02-07T00:00:00,COMPLETADA,BAJA,Orden de correctivo para activo ACT-0003
OM-00117,ACT-0043,PREVENTIVO,2026-03-18T00:00:00,2026-04-02T00:00:00,COMPLETADA,ALTA,Orden de correctivo para activo ACT-0039
OM-00118,ACT-0008,CORRECTIVO,2026-01-27T00:00:00,2026-02-02T00:00:00,EN_PROCESO,MEDIA,Orden de predictivo para activo ACT-0047
OM-00119,ACT-0014,PREVENTIVO,2026-02-07T00:00:00,,ABIERTA,MEDIA,Orden de correctivo para activo ACT-0040
OM-00120,ACT-0027,PREDICTIVO,2026-03-20T00:00:00,2026-04-01T00:00:00,COMPLETADA,ALTA,Orden de preventivo para activo ACT-0031
OM-00121,ACT-0029,PREVENTIVO,2026-04-18T00:00:00,,ABIERTA,BAJA,Orden de preventivo para activo ACT-0023
OM-00122,ACT-0027,CORRECTIVO,2026-01-04T00:00:00,,ABIERTA,ALTA,Orden de preventivo para activo ACT-0010
OM-00123,ACT-0026,PREDICTIVO,2026-03-05T00:00:00,2026-03-14T00:00:00,COMPLETADA,BAJA,Orden de predictivo para activo ACT-0031
OM-00124,ACT-0026,PREDICTIVO,2026-03-04T00:00:00,2026-03-05T00:00:00,EN_PROCESO,ALTA,
OM-00125,ACT-0034,CORRECTIVO,2026-03-12T00:00:00,,ABIERTA,ALTA,Orden de preventivo para activo ACT-0043
OM-00126,ACT-0026,CORRECTIVO,2026-01-27T00:00:00,2026-02-08T00:00:00,EN_PROCESO,BAJA,Orden de predictivo para activo ACT-0034
OM-00127,ACT-0024,PREVENTIVO,2026-01-18T00:00:00,,ABIERTA,MEDIA,Orden de predictivo para activo ACT-0011
OM-00128,ACT-0028,CORRECTIVO,2026-02-09T00:00:00,,CANCELADA,MEDIA,
OM-00129,ACT-0042,CORRECTIVO,2026-01-12T00:00:00,,COMPLETADA,MEDIA,Orden de preventivo para activo ACT-0015
OM-00130,ACT-0015,CORRECTIVO,2026-02-03T00:00:00,,ABIERTA,BAJA,Orden de correctivo para activo ACT-0043
OM-00131,ACT-0027,CORRECTIVO,2026-04-06T00:00:00,,CANCELADA,ALTA,Orden de predictivo para activo ACT-0042
OM-00132,ACT-0015,PREDICTIVO,2026-03-29T00:00:00,2026-04-11T00:00:00,COMPLETADA,MEDIA,Orden de predictivo para activo ACT-0017
OM-00133,ACT-0013,PREDICTIVO,2026-03-03T00:00:00,,CANCELADA,MEDIA,Orden de preventivo para activo ACT-0001
OM-00134,ACT-0016,PREDICTIVO,2026-02-15T00:00:00,2026-02-27T00:00:00,EN_PROCESO,MEDIA,Orden de predictivo para activo ACT-0007
OM-00135,ACT-0037,CORRECTIVO,2026-04-07T00:00:00,2026-04-20T00:00:00,COMPLETADA,MEDIA,Orden de preventivo para activo ACT-0015
OM-00136,ACT-0025,PREVENTIVO,2026-03-04T00:00:00,,CANCELADA,MEDIA,Orden de predictivo para activo ACT-0015
OM-00137,ACT-0037,PREVENTIVO,2026-03-09T00:00:00,2026-03-12T00:00:00,EN_PROCESO,BAJA,Orden de preventivo para activo ACT-0029
OM-00138,ACT-0007,PREDICTIVO,2026-02-20T00:00:00,2026-02-27T00:00:00,COMPLETADA,BAJA,Orden de predictivo para activo ACT-0044
OM-00139,ACT-0007,PREVENTIVO,2026-03-12T00:00:00,,CANCELADA,BAJA,
OM-00140,ACT-0043,CORRECTIVO,2026-03-11T00:00:00,,CANCELADA,ALTA,Orden de correctivo para activo ACT-0012
OM-00141,ACT-0038,PREVENTIVO,2026-03-31T00:00:00,,ABIERTA,BAJA,Orden de predictivo para activo ACT-0048
OM-00142,ACT-0024,CORRECTIVO,2026-02-15T00:00:00,,ABIERTA,BAJA,Orden de correctivo para activo ACT-0005
OM-00143,ACT-0044,PREVENTIVO,2026-03-27T00:00:00,,CANCELADA,BAJA,Orden de correctivo para activo ACT-0037
OM-00144,ACT-0048,PREDICTIVO,2026-02-22T00:00:00,,CANCELADA,ALTA,Orden de correctivo para activo ACT-0028
OM-00145,ACT-0049,PREDICTIVO,2026-03-01T00:00:00,,CANCELADA,MEDIA,Orden de predictivo para activo ACT-0007
OM-00146,ACT-0004,CORRECTIVO,2026-04-15T00:00:00,2026-04-16T00:00:00,COMPLETADA,MEDIA,Orden de correctivo para activo ACT-0032
OM-00147,ACT-0014,CORRECTIVO,2026-04-10T00:00:00,,ABIERTA,MEDIA,Orden de preventivo para activo ACT-0005
OM-00148,ACT-0016,CORRECTIVO,2026-01-03T00:00:00,,ABIERTA,ALTA,Orden de predictivo para activo ACT-0028
OM-00149,ACT-0044,PREVENTIVO,2026-03-19T00:00:00,,ABIERTA,BAJA,Orden de predictivo para activo ACT-0005
OM-00150,ACT-0006,CORRECTIVO,2026-02-28T00:00:00,2026-03-08T00:00:00,COMPLETADA,MEDIA,Orden de predictivo para activo ACT-0006
OM-00151,ACT-0050,PREDICTIVO,2026-03-07T00:00:00,,ABIERTA,MEDIA,Orden de correctivo para activo ACT-0048
OM-00152,ACT-0016,CORRECTIVO,2026-03-11T00:00:00,,CANCELADA,BAJA,Orden de correctivo para activo ACT-0045
OM-00153,ACT-0032,CORRECTIVO,2026-02-01T00:00:00,2026-02-03T00:00:00,COMPLETADA,MEDIA,Orden de preventivo para activo ACT-0006
OM-00154,ACT-0043,CORRECTIVO,,,ABIERTA,BAJA,Orden de preventivo para activo ACT-0010
OM-00155,ACT-0013,CORRECTIVO,2026-03-04T00:00:00,,CANCELADA,BAJA,Orden de preventivo para activo ACT-0025
OM-00156,ACT-0012,PREDICTIVO,2026-03-01T00:00:00,,CANCELADA,BAJA,Orden de correctivo para activo ACT-0028
OM-00157,ACT-0008,CORRECTIVO,2026-03-07T00:00:00,,ABIERTA,MEDIA,Orden de correctivo para activo ACT-0001
OM-00158,ACT-0026,CORRECTIVO,2026-02-16T00:00:00,,CANCELADA,MEDIA,Orden de preventivo para activo ACT-0013
OM-00159,ACT-0039,PREVENTIVO,2026-03-14T00:00:00,,CANCELADA,BAJA,Orden de predictivo para activo ACT-0047
OM-00160,ACT-0019,PREVENTIVO,2026-01-24T00:00:00,,CANCELADA,MEDIA,Orden de correctivo para activo ACT-0007
OM-00161,ACT-0034,PREDICTIVO,2026-01-11T00:00:00,2026-01-23T00:00:00,EN_PROCESO,BAJA,Orden de predictivo para activo ACT-0014
OM-00162,ACT-0047,PREVENTIVO,2026-01-25T00:00:00,,CANCELADA,BAJA,Orden de correctivo para activo ACT-0014
OM-00163,ACT-0003,PREDICTIVO,2026-02-08T00:00:00,2026-02-12T00:00:00,EN_PROCESO,MEDIA,Orden de preventivo para activo ACT-0036
OM-00164,ACT-0005,PREVENTIVO,2026-02-13T00:00:00,,ABIERTA,BAJA,Orden de correctivo para activo ACT-0005
OM-00165,ACT-0015,PREVENTIVO,2026-01-30T00:00:00,,CANCELADA,BAJA,Orden de correctivo para activo ACT-0001
OM-00166,ACT-0010,CORRECTIVO,2026-03-21T00:00:00,,ABIERTA,ALTA,Orden de correctivo para activo ACT-0025
OM-00167,ACT-0011,PREDICTIVO,2026-02-01T00:00:00,,CANCELADA,BAJA,Orden de preventivo para activo ACT-0045
OM-00168,ACT-0049,PREVENTIVO,2026-01-16T00:00:00,2026-01-19T00:00:00,EN_PROCESO,BAJA,Orden de predictivo para activo ACT-0026
OM-00169,ACT-0030,PREVENTIVO,2026-02-13T00:00:00,2026-02-28T00:00:00,EN_PROCESO,BAJA,Orden de predictivo para activo ACT-0027
OM-00170,ACT-0004,PREDICTIVO,2026-04-19T00:00:00,,CANCELADA,MEDIA,Orden de correctivo para activo ACT-0018
OM-00171,ACT-0008,CORRECTIVO,2026-01-10T00:00:00,2026-01-25T00:00:00,COMPLETADA,BAJA,Orden de predictivo para activo ACT-0007
OM-00172,ACT-0033,PREVENTIVO,2026-03-20T00:00:00,,CANCELADA,MEDIA,Orden de preventivo para activo ACT-0046
OM-00173,ACT-0014,PREVENTIVO,2026-01-21T00:00:00,,ABIERTA,ALTA,Orden de predictivo para activo ACT-0013
OM-00174,ACT-0045,CORRECTIVO,2026-01-15T00:00:00,,ABIERTA,ALTA,Orden de predictivo para activo ACT-0040
OM-00175,ACT-0018,PREDICTIVO,2026-02-18T00:00:00,,ABIERTA,BAJA,Orden de correctivo para activo ACT-0032
OM-00176,ACT-0012,CORRECTIVO,2026-03-04T00:00:00,,CANCELADA,BAJA,Orden de predictivo para activo ACT-0040
OM-00177,ACT-0033,CORRECTIVO,,2026-03-11T00:00:00,EN_PROCESO,BAJA,Orden de correctivo para activo ACT-0009
OM-00178,ACT-0033,PREVENTIVO,2026-03-05T00:00:00,2026-03-16T00:00:00,COMPLETADA,ALTA,Orden de correctivo para activo ACT-0042
OM-00179,ACT-0005,PREDICTIVO,2026-01-06T00:00:00,2026-01-12T00:00:00,COMPLETADA,ALTA,Orden de preventivo para activo ACT-0013
OM-00180,ACT-0006,PREDICTIVO,2026-03-12T00:00:00,2026-03-16T00:00:00,EN_PROCESO,MEDIA,Orden de correctivo para activo ACT-0022
OM-00181,ACT-0038,PREDICTIVO,2026-03-03T00:00:00,,CANCELADA,ALTA,Orden de preventivo para activo ACT-0007
OM-00182,ACT-0013,CORRECTIVO,2026-03-24T00:00:00,,CANCELADA,MEDIA,Orden de correctivo para activo ACT-0009
OM-00183,ACT-0044,PREVENTIVO,2026-03-08T00:00:00,,CANCELADA,ALTA,Orden de correctivo para activo ACT-0005
OM-00184,ACT-0003,CORRECTIVO,2026-04-07T00:00:00,2026-04-13T00:00:00,EN_PROCESO,BAJA,Orden de predictivo para activo ACT-0048
OM-00185,ACT-0012,PREDICTIVO,2026-02-24T00:00:00,,ABIERTA,MEDIA,Orden de predictivo para activo ACT-0014
OM-00186,ACT-0028,PREVENTIVO,2026-01-08T00:00:00,,ABIERTA,ALTA,Orden de predictivo para activo ACT-0004
OM-00187,ACT-0029,PREVENTIVO,2026-02-15T00:00:00,2026-02-17T00:00:00,EN_PROCESO,MEDIA,Orden de correctivo para activo ACT-0009
OM-00188,ACT-0002,CORRECTIVO,2026-02-04T00:00:00,,CANCELADA,BAJA,Orden de correctivo para activo ACT-0023
OM-00189,ACT-0035,PREVENTIVO,2026-04-14T00:00:00,,ABIERTA,ALTA,Orden de correctivo para activo ACT-0020
OM-00190,ACT-0025,CORRECTIVO,2026-01-01T00:00:00,,ABIERTA,BAJA,Orden de preventivo para activo ACT-0031
OM-00191,ACT-0036,CORRECTIVO,2026-01-06T00:00:00,,CANCELADA,MEDIA,Orden de predictivo para activo ACT-0044
OM-00192,ACT-0018,PREDICTIVO,2026-02-03T00:00:00,2026-02-13T00:00:00,EN_PROCESO,MEDIA,Orden de preventivo para activo ACT-0030
OM-00193,ACT-0022,PREDICTIVO,2026-03-22T00:00:00,,CANCELADA,MEDIA,Orden de predictivo para activo ACT-0029
OM-00194,ACT-0003,PREDICTIVO,2026-01-09T00:00:00,2026-01-11T00:00:00,COMPLETADA,MEDIA,Orden de predictivo para activo ACT-0016
OM-00195,ACT-0031,PREVENTIVO,2026-03-01T00:00:00,2026-03-13T00:00:00,EN_PROCESO,MEDIA,Orden de preventivo para activo ACT-0027
OM-00196,ACT-0022,CORRECTIVO,2026-01-22T00:00:00,,CANCELADA,MEDIA,Orden de preventivo para activo ACT-0047
OM-00197,ACT-0015,PREVENTIVO,2026-04-11T00:00:00,2026-04-24T00:00:00,COMPLETADA,MEDIA,Orden de predictivo para activo ACT-0027
OM-00198,ACT-0046,PREDICTIVO,2026-01-25T00:00:00,2026-02-03T00:00:00,EN_PROCESO,BAJA,Orden de preventivo para activo ACT-0038
OM-00199,ACT-0004,PREDICTIVO,2026-01-11T00:00:00,,ABIERTA,ALTA,Orden de predictivo para activo ACT-0009
OM-00200,ACT-0001,PREDICTIVO,2026-02-09T00:00:00,2026-02-15T00:00:00,COMPLETADA,ALTA,Orden de correctivo para activo ACT-0021
OM-00201,ACT-0041,PREDICTIVO,2026-03-10T00:00:00,,CANCELADA,BAJA,Orden de preventivo para activo ACT-0006
OM-00202,ACT-0011,CORRECTIVO,2026-03-01T00:00:00,,COMPLETADA,MEDIA,
OM-00203,ACT-0013,PREDICTIVO,2026-03-18T00:00:00,2026-03-31T00:00:00,EN_PROCESO,BAJA,Orden de correctivo para activo ACT-0026
OM-00204,ACT-0015,PREVENTIVO,2026-02-28T00:00:00,,ABIERTA,MEDIA,Orden de correctivo para activo ACT-0024
OM-00205,ACT-0003,PREDICTIVO,2026-02-28T00:00:00,2026-03-03T00:00:00,EN_PROCESO,MEDIA,Orden de preventivo para activo ACT-0017
OM-00206,ACT-0050,PREVENTIVO,2026-03-17T00:00:00,2026-03-18T00:00:00,COMPLETADA,MEDIA,Orden de correctivo para activo ACT-0034
OM-00207,ACT-0024,CORRECTIVO,2026-01-21T00:00:00,,CANCELADA,ALTA,Orden de preventivo para activo ACT-0010
OM-00208,ACT-0010,CORRECTIVO,2026-03-13T00:00:00,,ABIERTA,MEDIA,Orden de preventivo para activo ACT-0005
OM-00209,ACT-0018,CORRECTIVO,2026-04-04T00:00:00,,EN_PROCESO,ALTA,Orden de preventivo para activo ACT-0032
OM-00210,ACT-0022,CORRECTIVO,2026-04-05T00:00:00,,ABIERTA,BAJA,Orden de correctivo para activo ACT-0010
OM-00211,ACT-0017,PREVENTIVO,2026-03-22T00:00:00,,ABIERTA,BAJA,Orden de correctivo para activo ACT-0009
OM-00212,ACT-0021,PREDICTIVO,2026-03-06T00:00:00,,CANCELADA,ALTA,Orden de preventivo para activo ACT-0036
OM-00213,ACT-0045,PREVENTIVO,2026-04-18T00:00:00,2026-04-19T00:00:00,EN_PROCESO,MEDIA,Orden de correctivo para activo ACT-0017
OM-00214,ACT-0041,PREVENTIVO,2026-01-06T00:00:00,2026-01-08T00:00:00,COMPLETADA,BAJA,Orden de predictivo para activo ACT-0024
OM-00215,ACT-0001,PREVENTIVO,2026-02-26T00:00:00,2026-02-28T00:00:00,EN_PROCESO,ALTA,Orden de predictivo para activo ACT-0010
OM-00216,ACT-0042,CORRECTIVO,2026-03-05T00:00:00,,CANCELADA,BAJA,
OM-00217,ACT-0042,PREVENTIVO,2026-03-31T00:00:00,2026-04-04T00:00:00,COMPLETADA,ALTA,Orden de correctivo para activo ACT-0036
OM-00218,ACT-0017,PREVENTIVO,2026-01-03T00:00:00,,CANCELADA,BAJA,Orden de correctivo para activo ACT-0016
OM-00219,ACT-0012,CORRECTIVO,2026-02-03T00:00:00,,CANCELADA,BAJA,Orden de predictivo para activo ACT-0004
OM-00220,ACT-0030,CORRECTIVO,2026-02-09T00:00:00,,ABIERTA,MEDIA,
OM-00221,ACT-0039,CORRECTIVO,2026-03-14T00:00:00,2026-03-15T00:00:00,EN_PROCESO,BAJA,Orden de predictivo para activo ACT-0035
OM-00222,ACT-0001,PREDICTIVO,2026-03-04T00:00:00,2026-03-10T00:00:00,EN_PROCESO,MEDIA,Orden de correctivo para activo ACT-0020
OM-00223,ACT-0027,PREDICTIVO,2026-04-07T00:00:00,,CANCELADA,MEDIA,Orden de preventivo para activo ACT-0005
OM-00224,ACT-0007,PREVENTIVO,2026-03-13T00:00:00,,ABIERTA,MEDIA,Orden de correctivo para activo ACT-0029
OM-00225,ACT-0041,CORRECTIVO,2026-03-01T00:00:00,,ABIERTA,MEDIA,Orden de preventivo para activo ACT-0005
OM-00226,ACT-0001,PREDICTIVO,2026-01-27T00:00:00,2026-02-06T00:00:00,EN_PROCESO,MEDIA,Orden de predictivo para activo ACT-0042
OM-00227,ACT-0045,CORRECTIVO,2026-01-25T00:00:00,,ABIERTA,ALTA,Orden de preventivo para activo ACT-0013
OM-00228,ACT-0038,PREVENTIVO,2026-01-11T00:00:00,,ABIERTA,MEDIA,Orden de predictivo para activo ACT-0048
OM-00229,ACT-0010,PREDICTIVO,2026-03-15T00:00:00,,ABIERTA,ALTA,Orden de preventivo para activo ACT-0047
OM-00230,ACT-0022,PREDICTIVO,,,CANCELADA,ALTA,Orden de predictivo para activo ACT-0022
OM-00231,ACT-0032,PREDICTIVO,,2026-03-30T00:00:00,COMPLETADA,MEDIA,Orden de correctivo para activo ACT-0031
OM-00232,ACT-0037,PREDICTIVO,2026-04-18T00:00:00,,ABIERTA,ALTA,Orden de predictivo para activo ACT-0037
OM-00233,ACT-0003,CORRECTIVO,2026-03-10T00:00:00,,CANCELADA,ALTA,Orden de correctivo para activo ACT-0041
OM-00234,ACT-0042,CORRECTIVO,2026-03-15T00:00:00,2026-03-21T00:00:00,EN_PROCESO,ALTA,Orden de predictivo para activo ACT-0031
OM-00235,ACT-0015,PREVENTIVO,,2026-03-08T00:00:00,EN_PROCESO,ALTA,Orden de predictivo para activo ACT-0032
OM-00236,ACT-0025,PREVENTIVO,2026-02-22T00:00:00,2026-03-06T00:00:00,EN_PROCESO,ALTA,Orden de correctivo para activo ACT-0025
OM-00237,ACT-0029,CORRECTIVO,2026-01-22T00:00:00,2026-01-28T00:00:00,COMPLETADA,ALTA,Orden de preventivo para activo ACT-0028
OM-00238,ACT-0005,CORRECTIVO,2026-01-25T00:00:00,,CANCELADA,MEDIA,Orden de predictivo para activo ACT-0004
OM-00239,ACT-0023,PREVENTIVO,2026-03-06T00:00:00,2026-03-10T00:00:00,EN_PROCESO,MEDIA,Orden de preventivo para activo ACT-0045
OM-00240,ACT-0048,PREVENTIVO,2026-02-14T00:00:00,,CANCELADA,ALTA,Orden de predictivo para activo ACT-0010
OM-00241,ACT-0034,PREDICTIVO,2026-02-03T00:00:00,2026-02-05T00:00:00,EN_PROCESO,BAJA,Orden de predictivo para activo ACT-0029
OM-00242,ACT-0012,CORRECTIVO,2026-01-22T00:00:00,2026-01-31T00:00:00,COMPLETADA,BAJA,Orden de preventivo para activo ACT-0024
OM-00243,ACT-0043,PREVENTIVO,2026-03-30T00:00:00,2026-03-31T00:00:00,EN_PROCESO,BAJA,Orden de predictivo para activo ACT-0015
OM-00244,ACT-0024,CORRECTIVO,2026-03-01T00:00:00,2026-03-02T00:00:00,COMPLETADA,BAJA,Orden de correctivo para activo ACT-0044
OM-00245,ACT-0030,CORRECTIVO,2026-02-24T00:00:00,2026-03-07T00:00:00,EN_PROCESO,BAJA,Orden de correctivo para activo ACT-0042
OM-00246,ACT-0038,PREDICTIVO,2026-03-25T00:00:00,,CANCELADA,BAJA,Orden de correctivo para activo ACT-0022
OM-00247,ACT-0029,CORRECTIVO,2026-01-07T00:00:00,2026-01-10T00:00:00,COMPLETADA,BAJA,Orden de predictivo para activo ACT-0034
OM-00248,ACT-0031,PREDICTIVO,2026-02-18T00:00:00,2026-03-02T00:00:00,EN_PROCESO,MEDIA,Orden de preventivo para activo ACT-0014
OM-00249,ACT-0008,PREVENTIVO,2026-03-11T00:00:00,2026-03-12T00:00:00,COMPLETADA,ALTA,Orden de predictivo para activo ACT-0039
OM-00250,ACT-0009,PREDICTIVO,,2026-01-26T00:00:00,COMPLETADA,BAJA,Orden de correctivo para activo ACT-0008
OM-00251,ACT-0022,CORRECTIVO,2026-01-06T00:00:00,2026-01-07T00:00:00,COMPLETADA,MEDIA,Orden de preventivo para activo ACT-0036
OM-00252,ACT-0002,PREDICTIVO,2026-03-30T00:00:00,2026-04-11T00:00:00,COMPLETADA,MEDIA,Orden de preventivo para activo ACT-0029
OM-00253,ACT-0009,PREVENTIVO,,2026-01-28T00:00:00,COMPLETADA,ALTA,Orden de preventivo para activo ACT-0040
OM-00254,ACT-0048,PREDICTIVO,2026-04-09T00:00:00,2026-04-14T00:00:00,COMPLETADA,BAJA,Orden de correctivo para activo ACT-0021
OM-00255,ACT-0028,PREDICTIVO,2026-01-10T00:00:00,,CANCELADA,MEDIA,Orden de correctivo para activo ACT-0041
OM-00256,ACT-0046,CORRECTIVO,2026-02-05T00:00:00,2026-02-08T00:00:00,EN_PROCESO,ALTA,Orden de preventivo para activo ACT-0008
OM-00257,ACT-0046,PREDICTIVO,2026-04-01T00:00:00,,ABIERTA,ALTA,Orden de correctivo para activo ACT-0027
OM-00258,ACT-0035,PREVENTIVO,2026-03-01T00:00:00,2026-03-13T00:00:00,COMPLETADA,BAJA,Orden de preventivo para activo ACT-0024
OM-00259,ACT-0037,CORRECTIVO,2026-03-20T00:00:00,2026-03-31T00:00:00,EN_PROCESO,ALTA,Orden de predictivo para activo ACT-0041
OM-00260,ACT-0009,PREDICTIVO,,,CANCELADA,BAJA,
OM-00261,ACT-0004,PREDICTIVO,2026-02-02T00:00:00,,ABIERTA,ALTA,Orden de predictivo para activo ACT-0028
OM-00262,ACT-0006,PREVENTIVO,2026-01-29T00:00:00,,CANCELADA,MEDIA,Orden de preventivo para activo ACT-0034
OM-00263,ACT-0041,PREDICTIVO,2026-03-10T00:00:00,2026-03-19T00:00:00,COMPLETADA,BAJA,Orden de correctivo para activo ACT-0035
OM-00264,ACT-0022,PREDICTIVO,2026-04-09T00:00:00,2026-04-20T00:00:00,EN_PROCESO,MEDIA,Orden de correctivo para activo ACT-0049
OM-00265,ACT-0009,PREVENTIVO,2026-04-10T00:00:00,,ABIERTA,BAJA,Orden de correctivo para activo ACT-0028
OM-00266,ACT-0030,PREDICTIVO,2026-02-05T00:00:00,,CANCELADA,ALTA,Orden de correctivo para activo ACT-0031
OM-00267,ACT-0049,CORRECTIVO,2026-02-28T00:00:00,,CANCELADA,BAJA,Orden de correctivo para activo ACT-0048
OM-00268,ACT-0028,CORRECTIVO,2026-01-16T00:00:00,2026-01-30T00:00:00,EN_PROCESO,ALTA,Orden de predictivo para activo ACT-0036
OM-00269,ACT-0039,PREDICTIVO,2026-04-17T00:00:00,,ABIERTA,MEDIA,Orden de correctivo para activo ACT-0042
OM-00270,ACT-0010,PREVENTIVO,,,CANCELADA,BAJA,Orden de preventivo para activo ACT-0021
OM-00271,ACT-0023,CORRECTIVO,2026-01-08T00:00:00,2026-01-17T00:00:00,EN_PROCESO,ALTA,Orden de preventivo para activo ACT-0043
OM-00272,ACT-0009,PREDICTIVO,2026-03-22T00:00:00,,CANCELADA,BAJA,
OM-00273,ACT-0049,CORRECTIVO,2026-03-20T00:00:00,2026-04-02T00:00:00,COMPLETADA,BAJA,Orden de preventivo para activo ACT-0004
OM-00274,ACT-0029,CORRECTIVO,2026-01-11T00:00:00,2026-01-15T00:00:00,EN_PROCESO,MEDIA,Orden de predictivo para activo ACT-0046
OM-00275,ACT-0046,PREVENTIVO,2026-02-03T00:00:00,,ABIERTA,BAJA,Orden de preventivo para activo ACT-0029
OM-00276,ACT-0016,CORRECTIVO,2026-03-31T00:00:00,,ABIERTA,ALTA,Orden de preventivo para activo ACT-0045
OM-00277,ACT-0026,PREVENTIVO,2026-03-14T00:00:00,,ABIERTA,ALTA,Orden de predictivo para activo ACT-0039
OM-00278,ACT-0041,PREDICTIVO,2026-01-25T00:00:00,2026-02-05T00:00:00,EN_PROCESO,BAJA,Orden de predictivo para activo ACT-0020
OM-00279,ACT-0002,CORRECTIVO,2026-02-22T00:00:00,2026-03-08T00:00:00,EN_PROCESO,MEDIA,Orden de predictivo para activo ACT-0040
OM-00280,ACT-0035,PREDICTIVO,2026-01-12T00:00:00,2026-01-26T00:00:00,COMPLETADA,MEDIA,Orden de preventivo para activo ACT-0025
OM-00281,ACT-0014,CORRECTIVO,2026-01-21T00:00:00,2026-01-27T00:00:00,COMPLETADA,MEDIA,Orden de preventivo para activo ACT-0025
OM-00282,ACT-0001,CORRECTIVO,2026-01-02T00:00:00,,ABIERTA,ALTA,Orden de correctivo para activo ACT-0024
OM-00283,ACT-0038,PREVENTIVO,2026-02-01T00:00:00,,CANCELADA,MEDIA,Orden de predictivo para activo ACT-0008
OM-00284,ACT-0006,PREVENTIVO,2026-02-26T00:00:00,,COMPLETADA,BAJA,Orden de preventivo para activo ACT-0049
OM-00285,ACT-0030,PREDICTIVO,2026-02-09T00:00:00,,ABIERTA,ALTA,Orden de predictivo para activo ACT-0046
OM-00286,ACT-0038,PREDICTIVO,2026-03-18T00:00:00,,ABIERTA,ALTA,Orden de preventivo para activo ACT-0026
OM-00287,ACT-0009,PREDICTIVO,2026-04-17T00:00:00,2026-04-29T00:00:00,EN_PROCESO,ALTA,Orden de preventivo para activo ACT-0044
OM-00288,ACT-0006,PREDICTIVO,2026-04-13T00:00:00,2026-04-14T00:00:00,EN_PROCESO,MEDIA,Orden de correctivo para activo ACT-0005
OM-00289,ACT-0006,PREDICTIVO,2026-01-10T00:00:00,2026-01-21T00:00:00,COMPLETADA,MEDIA,Orden de preventivo para activo ACT-0032
OM-00290,ACT-0043,CORRECTIVO,2026-02-01T00:00:00,,CANCELADA,BAJA,Orden de correctivo para activo ACT-0044
OM-00291,ACT-0034,PREDICTIVO,2026-01-26T00:00:00,,ABIERTA,ALTA,Orden de correctivo para activo ACT-0037
OM-00292,ACT-0022,CORRECTIVO,2026-02-13T00:00:00,2026-02-27T00:00:00,EN_PROCESO,BAJA,Orden de predictivo para activo ACT-0019
OM-00293,ACT-0026,PREVENTIVO,2026-04-18T00:00:00,,CANCELADA,ALTA,Orden de preventivo para activo ACT-0035
OM-00294,ACT-0024,CORRECTIVO,2026-03-26T00:00:00,2026-04-01T00:00:00,COMPLETADA,ALTA,Orden de preventivo para activo ACT-0016
OM-00295,ACT-0023,CORRECTIVO,2026-02-24T00:00:00,2026-02-25T00:00:00,COMPLETADA,ALTA,
OM-00296,ACT-0027,PREDICTIVO,2026-01-07T00:00:00,2026-01-13T00:00:00,EN_PROCESO,ALTA,Orden de predictivo para activo ACT-0045
OM-00297,ACT-0044,PREVENTIVO,2026-03-18T00:00:00,2026-04-01T00:00:00,COMPLETADA,ALTA,Orden de correctivo para activo ACT-0004
OM-00298,ACT-0028,PREVENTIVO,2026-02-23T00:00:00,,CANCELADA,MEDIA,Orden de correctivo para activo ACT-0015
OM-00299,ACT-0021,PREDICTIVO,2026-03-01T00:00:00,,ABIERTA,BAJA,Orden de predictivo para activo ACT-0042
OM-00300,ACT-0042,PREDICTIVO,2026-03-01T00:00:00,,CANCELADA,ALTA,Orden de correctivo para activo ACT-0047
OM-00301,ACT-0045,PREVENTIVO,2026-02-02T00:00:00,2026-02-14T00:00:00,COMPLETADA,MEDIA,Orden de correctivo para activo ACT-0016
OM-00302,ACT-0020,PREVENTIVO,2026-02-11T00:00:00,,ABIERTA,ALTA,Orden de correctivo para activo ACT-0046
OM-00303,ACT-0019,PREVENTIVO,,,ABIERTA,ALTA,Orden de predictivo para activo ACT-0036
OM-00304,ACT-0012,CORRECTIVO,2026-04-05T00:00:00,2026-04-07T00:00:00,EN_PROCESO,BAJA,
OM-00305,ACT-0012,PREVENTIVO,2026-02-16T00:00:00,,ABIERTA,ALTA,Orden de correctivo para activo ACT-0021
OM-00306,ACT-0013,PREVENTIVO,2026-02-10T00:00:00,2026-02-21T00:00:00,EN_PROCESO,MEDIA,Orden de predictivo para activo ACT-0023
OM-00307,ACT-0027,PREDICTIVO,2026-03-06T00:00:00,,CANCELADA,ALTA,Orden de preventivo para activo ACT-0013
OM-00308,ACT-0028,PREVENTIVO,,,ABIERTA,MEDIA,Orden de correctivo para activo ACT-0027
OM-00309,ACT-0026,CORRECTIVO,2026-02-18T00:00:00,,CANCELADA,BAJA,Orden de correctivo para activo ACT-0007
OM-00310,ACT-0031,PREDICTIVO,2026-01-31T00:00:00,,ABIERTA,ALTA,Orden de correctivo para activo ACT-0030
OM-00311,ACT-0028,PREDICTIVO,2026-01-13T00:00:00,2026-01-18T00:00:00,EN_PROCESO,BAJA,Orden de predictivo para activo ACT-0041
OM-00312,ACT-0004,PREDICTIVO,2026-02-01T00:00:00,,CANCELADA,MEDIA,
OM-00313,ACT-0009,PREVENTIVO,2026-03-13T00:00:00,,ABIERTA,BAJA,Orden de predictivo para activo ACT-0046
OM-00314,ACT-0012,PREDICTIVO,2026-04-05T00:00:00,2026-04-13T00:00:00,COMPLETADA,BAJA,Orden de correctivo para activo ACT-0014
OM-00315,ACT-0041,PREVENTIVO,2026-02-19T00:00:00,,CANCELADA,BAJA,Orden de preventivo para activo ACT-0011
OM-00316,ACT-0026,PREDICTIVO,2026-01-31T00:00:00,2026-02-08T00:00:00,COMPLETADA,BAJA,Orden de correctivo para activo ACT-0017
OM-00317,ACT-0020,PREVENTIVO,2026-04-12T00:00:00,2026-04-20T00:00:00,EN_PROCESO,MEDIA,Orden de predictivo para activo ACT-0002
OM-00318,ACT-0013,PREDICTIVO,2026-03-25T00:00:00,2026-03-30T00:00:00,EN_PROCESO,BAJA,
OM-00319,ACT-0037,CORRECTIVO,2026-02-27T00:00:00,2026-03-04T00:00:00,EN_PROCESO,MEDIA,Orden de predictivo para activo ACT-0032
OM-00320,ACT-0014,PREDICTIVO,2026-03-30T00:00:00,2026-04-09T00:00:00,EN_PROCESO,MEDIA,Orden de correctivo para activo ACT-0030
OM-00321,ACT-0022,PREVENTIVO,2026-02-13T00:00:00,,ABIERTA,BAJA,Orden de preventivo para activo ACT-0026
OM-00322,ACT-0021,PREVENTIVO,2026-04-17T00:00:00,2026-04-21T00:00:00,EN_PROCESO,MEDIA,Orden de correctivo para activo ACT-0021
OM-00323,ACT-0044,PREDICTIVO,2026-01-17T00:00:00,,CANCELADA,BAJA,Orden de correctivo para activo ACT-0003
OM-00324,ACT-0012,PREDICTIVO,2026-01-14T00:00:00,,ABIERTA,BAJA,Orden de correctivo para activo ACT-0016
OM-00325,ACT-0030,CORRECTIVO,2026-04-04T00:00:00,2026-04-09T00:00:00,EN_PROCESO,BAJA,Orden de correctivo para activo ACT-0036
OM-00326,ACT-0001,PREDICTIVO,2026-01-04T00:00:00,,ABIERTA,MEDIA,Orden de preventivo para activo ACT-0003
OM-00327,ACT-0037,PREDICTIVO,,,CANCELADA,BAJA,Orden de preventivo para activo ACT-0015
OM-00328,ACT-0012,CORRECTIVO,2026-02-13T00:00:00,,ABIERTA,ALTA,
OM-00329,ACT-0006,CORRECTIVO,2026-04-01T00:00:00,,CANCELADA,ALTA,Orden de correctivo para activo ACT-0024
OM-00330,ACT-0025,CORRECTIVO,2026-02-07T00:00:00,,CANCELADA,ALTA,Orden de correctivo para activo ACT-0045
OM-00331,ACT-0021,CORRECTIVO,2026-01-26T00:00:00,,ABIERTA,ALTA,Orden de predictivo para activo ACT-0025
OM-00332,ACT-0005,CORRECTIVO,2026-01-29T00:00:00,,CANCELADA,MEDIA,Orden de predictivo para activo ACT-0025
OM-00333,ACT-0016,PREVENTIVO,,,ABIERTA,BAJA,Orden de predictivo para activo ACT-0048
OM-00334,ACT-0038,PREDICTIVO,2026-04-16T00:00:00,2026-04-24T00:00:00,COMPLETADA,ALTA,Orden de correctivo para activo ACT-0050
OM-00335,ACT-0030,CORRECTIVO,2026-04-04T00:00:00,2026-04-19T00:00:00,EN_PROCESO,ALTA,Orden de preventivo para activo ACT-0036
OM-00336,ACT-0011,PREDICTIVO,2026-03-07T00:00:00,,ABIERTA,MEDIA,Orden de predictivo para activo ACT-0035
OM-00337,ACT-0008,CORRECTIVO,2026-04-05T00:00:00,,CANCELADA,MEDIA,Orden de correctivo para activo ACT-0029
OM-00338,ACT-0036,PREVENTIVO,2026-01-03T00:00:00,,ABIERTA,BAJA,Orden de preventivo para activo ACT-0030
OM-00339,ACT-0006,CORRECTIVO,2026-01-27T00:00:00,2026-01-30T00:00:00,COMPLETADA,BAJA,Orden de preventivo para activo ACT-0047
OM-00340,ACT-0021,PREVENTIVO,2026-02-03T00:00:00,,EN_PROCESO,MEDIA,Orden de predictivo para activo ACT-0032
OM-00341,ACT-0034,PREDICTIVO,2026-04-19T00:00:00,2026-04-28T00:00:00,EN_PROCESO,MEDIA,Orden de preventivo para activo ACT-0026
OM-00342,ACT-0038,CORRECTIVO,2026-01-25T00:00:00,,CANCELADA,BAJA,Orden de preventivo para activo ACT-0034
OM-00343,ACT-0047,PREDICTIVO,2026-04-08T00:00:00,2026-04-17T00:00:00,EN_PROCESO,BAJA,Orden de predictivo para activo ACT-0035
OM-00344,ACT-0034,PREDICTIVO,2026-03-11T00:00:00,,ABIERTA,BAJA,Orden de correctivo para activo ACT-0004
OM-00345,ACT-0046,PREDICTIVO,2026-02-13T00:00:00,,CANCELADA,BAJA,Orden de predictivo para activo ACT-0043
OM-00346,ACT-0012,PREVENTIVO,2026-02-26T00:00:00,,CANCELADA,ALTA,Orden de predictivo para activo ACT-0050
OM-00347,ACT-0009,PREDICTIVO,2026-03-11T00:00:00,,ABIERTA,MEDIA,Orden de preventivo para activo ACT-0030
OM-00348,ACT-0009,PREVENTIVO,2026-02-21T00:00:00,2026-03-06T00:00:00,COMPLETADA,ALTA,Orden de predictivo para activo ACT-0045
OM-00349,ACT-0038,CORRECTIVO,2026-04-01T00:00:00,,CANCELADA,ALTA,Orden de predictivo para activo ACT-0033
OM-00350,ACT-0039,PREDICTIVO,2026-03-31T00:00:00,2026-04-10T00:00:00,COMPLETADA,MEDIA,Orden de preventivo para activo ACT-0005
OM-00351,ACT-0032,PREVENTIVO,2026-04-04T00:00:00,,CANCELADA,ALTA,Orden de preventivo para activo ACT-0018
OM-00352,ACT-0046,PREDICTIVO,2026-02-09T00:00:00,,ABIERTA,MEDIA,Orden de correctivo para activo ACT-0032
OM-00353,ACT-0031,PREVENTIVO,2026-01-01T00:00:00,2026-01-05T00:00:00,EN_PROCESO,ALTA,Orden de preventivo para activo ACT-0024
OM-00354,ACT-0043,PREDICTIVO,2026-03-02T00:00:00,2026-03-10T00:00:00,COMPLETADA,BAJA,Orden de predictivo para activo ACT-0003
OM-00355,ACT-0013,PREVENTIVO,2026-04-10T00:00:00,,ABIERTA,BAJA,Orden de preventivo para activo ACT-0049
OM-00356,ACT-0009,PREVENTIVO,2026-03-17T00:00:00,,ABIERTA,BAJA,Orden de predictivo para activo ACT-0017
OM-00357,ACT-0024,CORRECTIVO,2026-03-19T00:00:00,2026-03-31T00:00:00,EN_PROCESO,MEDIA,Orden de preventivo para activo ACT-0049
OM-00358,ACT-0016,CORRECTIVO,2026-03-12T00:00:00,2026-03-14T00:00:00,COMPLETADA,BAJA,Orden de preventivo para activo ACT-0033
OM-00359,ACT-0026,PREDICTIVO,,,ABIERTA,MEDIA,Orden de predictivo para activo ACT-0017
OM-00360,ACT-0019,PREDICTIVO,2026-01-29T00:00:00,2026-02-09T00:00:00,EN_PROCESO,MEDIA,Orden de predictivo para activo ACT-0009
OM-00361,ACT-0039,PREVENTIVO,2026-03-06T00:00:00,2026-03-20T00:00:00,EN_PROCESO,MEDIA,Orden de predictivo para activo ACT-0044
OM-00362,ACT-0046,PREVENTIVO,2026-04-17T00:00:00,2026-04-20T00:00:00,COMPLETADA,MEDIA,Orden de predictivo para activo ACT-0024
OM-00363,ACT-0019,PREVENTIVO,2026-03-24T00:00:00,2026-03-28T00:00:00,EN_PROCESO,ALTA,Orden de correctivo para activo ACT-0028
OM-00364,ACT-0011,CORRECTIVO,2026-03-12T00:00:00,2026-03-22T00:00:00,EN_PROCESO,MEDIA,Orden de predictivo para activo ACT-0046
OM-00365,ACT-0042,PREVENTIVO,2026-03-16T00:00:00,2026-03-25T00:00:00,EN_PROCESO,BAJA,Orden de correctivo para activo ACT-0028
OM-00366,ACT-0031,CORRECTIVO,2026-02-11T00:00:00,2026-02-22T00:00:00,COMPLETADA,ALTA,Orden de correctivo para activo ACT-0006
OM-00367,ACT-0040,PREDICTIVO,2026-02-15T00:00:00,2026-02-17T00:00:00,EN_PROCESO,BAJA,Orden de predictivo para activo ACT-0046
OM-00368,ACT-0017,CORRECTIVO,2026-01-05T00:00:00,2026-01-11T00:00:00,COMPLETADA,ALTA,Orden de predictivo para activo ACT-0019
OM-00369,ACT-0034,PREVENTIVO,2026-02-11T00:00:00,2026-02-25T00:00:00,COMPLETADA,BAJA,Orden de preventivo para activo ACT-0015
OM-00370,ACT-0015,PREVENTIVO,2026-01-26T00:00:00,2026-01-31T00:00:00,EN_PROCESO,MEDIA,Orden de predictivo para activo ACT-0036
OM-00371,ACT-0037,PREVENTIVO,2026-01-07T00:00:00,2026-01-08T00:00:00,EN_PROCESO,BAJA,Orden de correctivo para activo ACT-0012
OM-00372,ACT-0030,PREDICTIVO,2026-03-01T00:00:00,,CANCELADA,ALTA,Orden de preventivo para activo ACT-0008
OM-00373,ACT-0024,PREDICTIVO,2026-02-08T00:00:00,2026-02-23T00:00:00,COMPLETADA,MEDIA,Orden de correctivo para activo ACT-0046
OM-00374,ACT-0034,CORRECTIVO,2026-02-20T00:00:00,2026-02-28T00:00:00,EN_PROCESO,BAJA,Orden de preventivo para activo ACT-0019
OM-00375,ACT-0031,PREDICTIVO,2026-04-11T00:00:00,,CANCELADA,MEDIA,Orden de preventivo para activo ACT-0018
OM-00376,ACT-0041,PREVENTIVO,2026-02-28T00:00:00,2026-03-08T00:00:00,EN_PROCESO,MEDIA,Orden de preventivo para activo ACT-0046
OM-00377,ACT-0018,PREDICTIVO,2026-01-04T00:00:00,,ABIERTA,ALTA,Orden de correctivo para activo ACT-0029
OM-00378,ACT-0010,CORRECTIVO,2026-03-12T00:00:00,,CANCELADA,ALTA,Orden de correctivo para activo ACT-0028
OM-00379,ACT-0027,PREVENTIVO,2026-01-02T00:00:00,,ABIERTA,MEDIA,Orden de preventivo para activo ACT-0029
OM-00380,ACT-0003,CORRECTIVO,2026-01-10T00:00:00,2026-01-22T00:00:00,COMPLETADA,MEDIA,Orden de preventivo para activo ACT-0044
OM-00381,ACT-0044,PREDICTIVO,2026-03-22T00:00:00,,ABIERTA,MEDIA,Orden de predictivo para activo ACT-0002
OM-00382,ACT-0049,PREDICTIVO,2026-03-21T00:00:00,,ABIERTA,MEDIA,Orden de preventivo para activo ACT-0020
OM-00383,ACT-0023,PREDICTIVO,2026-02-23T00:00:00,,ABIERTA,BAJA,Orden de predictivo para activo ACT-0005
OM-00384,ACT-0007,PREVENTIVO,2026-01-13T00:00:00,,CANCELADA,ALTA,Orden de correctivo para activo ACT-0019
OM-00385,ACT-0039,CORRECTIVO,2026-03-17T00:00:00,2026-03-26T00:00:00,EN_PROCESO,BAJA,Orden de predictivo para activo ACT-0029
OM-00386,ACT-0007,CORRECTIVO,2026-01-31T00:00:00,2026-02-07T00:00:00,EN_PROCESO,MEDIA,Orden de preventivo para activo ACT-0011
OM-00387,ACT-0006,PREVENTIVO,2026-04-12T00:00:00,2026-04-24T00:00:00,COMPLETADA,ALTA,Orden de predictivo para activo ACT-0040
OM-00388,ACT-0033,CORRECTIVO,2026-01-13T00:00:00,,CANCELADA,MEDIA,Orden de predictivo para activo ACT-0021
OM-00389,ACT-0024,CORRECTIVO,2026-03-08T00:00:00,2026-03-10T00:00:00,COMPLETADA,ALTA,
OM-00390,ACT-0033,PREVENTIVO,2026-02-06T00:00:00,2026-02-18T00:00:00,COMPLETADA,ALTA,Orden de preventivo para activo ACT-0041
OM-00391,ACT-0007,PREDICTIVO,2026-04-20T00:00:00,,ABIERTA,ALTA,Orden de predictivo para activo ACT-0027
OM-00392,ACT-0038,PREVENTIVO,2026-04-03T00:00:00,,CANCELADA,ALTA,Orden de predictivo para activo ACT-0003
OM-00393,ACT-0037,PREDICTIVO,2026-02-06T00:00:00,2026-02-16T00:00:00,COMPLETADA,ALTA,Orden de preventivo para activo ACT-0039
OM-00394,ACT-0021,PREVENTIVO,2026-01-12T00:00:00,,ABIERTA,ALTA,Orden de predictivo para activo ACT-0003
OM-00395,ACT-0026,PREVENTIVO,2026-01-11T00:00:00,,ABIERTA,MEDIA,Orden de preventivo para activo ACT-0037
OM-00396,ACT-0042,CORRECTIVO,2026-02-09T00:00:00,2026-02-15T00:00:00,EN_PROCESO,MEDIA,Orden de correctivo para activo ACT-0022
OM-00397,ACT-0008,CORRECTIVO,2026-02-17T00:00:00,,ABIERTA,MEDIA,Orden de preventivo para activo ACT-0031
OM-00398,ACT-0050,CORRECTIVO,2026-02-19T00:00:00,2026-02-26T00:00:00,EN_PROCESO,BAJA,Orden de preventivo para activo ACT-0019
OM-00399,ACT-0024,PREVENTIVO,2026-02-03T00:00:00,,CANCELADA,ALTA,Orden de correctivo para activo ACT-0012
OM-00400,ACT-0022,PREDICTIVO,2026-04-09T00:00:00,,ABIERTA,MEDIA,Orden de preventivo para activo ACT-0015
OM-00401,ACT-0030,PREDICTIVO,2026-01-10T00:00:00,,ABIERTA,ALTA,Orden de correctivo para activo ACT-0005
OM-00402,ACT-0006,PREVENTIVO,2026-03-03T00:00:00,2026-03-08T00:00:00,COMPLETADA,MEDIA,Orden de predictivo para activo ACT-0013
OM-00403,ACT-0023,PREDICTIVO,2026-03-05T00:00:00,,CANCELADA,BAJA,Orden de predictivo para activo ACT-0037
OM-00404,ACT-0041,PREVENTIVO,2026-03-31T00:00:00,,CANCELADA,ALTA,Orden de predictivo para activo ACT-0007
OM-00405,ACT-0047,PREDICTIVO,2026-03-14T00:00:00,2026-03-20T00:00:00,EN_PROCESO,ALTA,Orden de preventivo para activo ACT-0015
OM-00406,ACT-0046,PREVENTIVO,2026-01-27T00:00:00,2026-02-07T00:00:00,EN_PROCESO,MEDIA,
OM-00407,ACT-0009,PREVENTIVO,2026-03-01T00:00:00,,ABIERTA,ALTA,Orden de predictivo para activo ACT-0022
OM-00408,ACT-0011,PREDICTIVO,,2026-02-21T00:00:00,EN_PROCESO,BAJA,Orden de preventivo para activo ACT-0021
OM-00409,ACT-0049,CORRECTIVO,2026-01-23T00:00:00,,ABIERTA,BAJA,Orden de correctivo para activo ACT-0048
OM-00410,ACT-0022,PREVENTIVO,2026-04-02T00:00:00,,ABIERTA,MEDIA,
OM-00411,ACT-0043,CORRECTIVO,2026-01-18T00:00:00,,ABIERTA,ALTA,Orden de correctivo para activo ACT-0012
OM-00412,ACT-0041,CORRECTIVO,2026-03-22T00:00:00,2026-04-02T00:00:00,COMPLETADA,ALTA,Orden de preventivo para activo ACT-0012
OM-00413,ACT-0003,CORRECTIVO,2026-02-18T00:00:00,2026-03-02T00:00:00,EN_PROCESO,ALTA,Orden de correctivo para activo ACT-0012
OM-00414,ACT-0037,PREDICTIVO,2026-01-06T00:00:00,2026-01-16T00:00:00,COMPLETADA,MEDIA,
OM-00415,ACT-0012,PREDICTIVO,2026-03-22T00:00:00,,ABIERTA,ALTA,Orden de correctivo para activo ACT-0036
OM-00416,ACT-0011,PREVENTIVO,2026-02-16T00:00:00,,CANCELADA,MEDIA,Orden de predictivo para activo ACT-0039
OM-00417,ACT-0049,PREVENTIVO,2026-02-28T00:00:00,2026-03-13T00:00:00,EN_PROCESO,ALTA,
OM-00418,ACT-0013,CORRECTIVO,2026-04-19T00:00:00,2026-05-02T00:00:00,EN_PROCESO,MEDIA,Orden de correctivo para activo ACT-0039
OM-00419,ACT-0043,PREVENTIVO,2026-01-24T00:00:00,2026-02-08T00:00:00,COMPLETADA,MEDIA,Orden de preventivo para activo ACT-0020
OM-00420,ACT-0008,PREDICTIVO,2026-04-13T00:00:00,,ABIERTA,BAJA,Orden de predictivo para activo ACT-0032
OM-00421,ACT-0014,PREDICTIVO,2026-02-15T00:00:00,,CANCELADA,BAJA,Orden de preventivo para activo ACT-0036
OM-00422,ACT-0034,PREDICTIVO,2026-02-19T00:00:00,2026-02-21T00:00:00,COMPLETADA,BAJA,Orden de preventivo para activo ACT-0013
OM-00423,ACT-0017,CORRECTIVO,2026-01-24T00:00:00,,ABIERTA,MEDIA,Orden de predictivo para activo ACT-0042
OM-00424,ACT-0027,PREVENTIVO,2026-01-30T00:00:00,2026-02-13T00:00:00,COMPLETADA,MEDIA,Orden de correctivo para activo ACT-0008
OM-00425,ACT-0008,PREDICTIVO,2026-04-11T00:00:00,,ABIERTA,ALTA,Orden de preventivo para activo ACT-0024
OM-00426,ACT-0039,PREDICTIVO,2026-02-16T00:00:00,,ABIERTA,BAJA,Orden de predictivo para activo ACT-0019
OM-00427,ACT-0016,PREVENTIVO,2026-02-16T00:00:00,,ABIERTA,MEDIA,Orden de preventivo para activo ACT-0005
OM-00428,ACT-0049,PREDICTIVO,2026-02-20T00:00:00,2026-03-03T00:00:00,COMPLETADA,MEDIA,Orden de predictivo para activo ACT-0007
OM-00429,ACT-0018,CORRECTIVO,2026-04-16T00:00:00,,CANCELADA,MEDIA,Orden de correctivo para activo ACT-0012
OM-00430,ACT-0023,PREDICTIVO,2026-01-19T00:00:00,,COMPLETADA,ALTA,Orden de correctivo para activo ACT-0050
OM-00431,ACT-0037,CORRECTIVO,2026-04-03T00:00:00,2026-04-06T00:00:00,COMPLETADA,BAJA,Orden de predictivo para activo ACT-0049
OM-00432,ACT-0017,CORRECTIVO,2026-03-28T00:00:00,,ABIERTA,BAJA,Orden de predictivo para activo ACT-0021
OM-00433,ACT-0035,PREVENTIVO,2026-01-02T00:00:00,2026-01-14T00:00:00,COMPLETADA,BAJA,
OM-00434,ACT-0042,PREVENTIVO,2026-02-25T00:00:00,2026-03-11T00:00:00,EN_PROCESO,BAJA,Orden de predictivo para activo ACT-0007
OM-00435,ACT-0040,PREDICTIVO,2026-01-14T00:00:00,,CANCELADA,ALTA,Orden de correctivo para activo ACT-0033
OM-00436,ACT-0045,PREDICTIVO,2026-02-23T00:00:00,,COMPLETADA,BAJA,Orden de preventivo para activo ACT-0017
OM-00437,ACT-0038,CORRECTIVO,2026-03-09T00:00:00,,CANCELADA,BAJA,Orden de predictivo para activo ACT-0040
OM-00438,ACT-0034,PREDICTIVO,2026-01-07T00:00:00,,CANCELADA,MEDIA,Orden de preventivo para activo ACT-0022
OM-00439,ACT-0047,PREVENTIVO,2026-02-08T00:00:00,,ABIERTA,BAJA,Orden de preventivo para activo ACT-0050
OM-00440,ACT-0018,PREVENTIVO,2026-03-06T00:00:00,,CANCELADA,BAJA,Orden de predictivo para activo ACT-0028
OM-00441,ACT-0013,PREDICTIVO,2026-03-13T00:00:00,2026-03-22T00:00:00,COMPLETADA,ALTA,Orden de correctivo para activo ACT-0041
OM-00442,ACT-0020,PREDICTIVO,2026-01-06T00:00:00,,CANCELADA,BAJA,Orden de correctivo para activo ACT-0050
OM-00443,ACT-0035,PREVENTIVO,2026-03-22T00:00:00,2026-04-05T00:00:00,COMPLETADA,BAJA,
OM-00444,ACT-0018,CORRECTIVO,2026-01-24T00:00:00,2026-02-08T00:00:00,COMPLETADA,BAJA,Orden de correctivo para activo ACT-0039
OM-00445,ACT-0002,PREVENTIVO,2026-02-11T00:00:00,2026-02-13T00:00:00,EN_PROCESO,ALTA,Orden de preventivo para activo ACT-0028
OM-00446,ACT-0016,CORRECTIVO,2026-04-03T00:00:00,,CANCELADA,ALTA,Orden de preventivo para activo ACT-0039
OM-00447,ACT-0039,PREDICTIVO,2026-03-13T00:00:00,2026-03-20T00:00:00,EN_PROCESO,MEDIA,Orden de preventivo para activo ACT-0027
OM-00448,ACT-0011,CORRECTIVO,2026-04-12T00:00:00,2026-04-13T00:00:00,COMPLETADA,ALTA,Orden de correctivo para activo ACT-0007
OM-00449,ACT-0022,PREDICTIVO,2026-01-11T00:00:00,,CANCELADA,BAJA,Orden de preventivo para activo ACT-0018
OM-00450,ACT-0011,CORRECTIVO,2026-03-04T00:00:00,,ABIERTA,MEDIA,Orden de correctivo para activo ACT-0014
OM-00451,ACT-0016,PREVENTIVO,2026-04-19T00:00:00,2026-04-22T00:00:00,EN_PROCESO,ALTA,Orden de correctivo para activo ACT-0018
OM-00452,ACT-0036,PREVENTIVO,2026-04-01T00:00:00,,ABIERTA,MEDIA,Orden de correctivo para activo ACT-0043
OM-00453,ACT-0009,PREVENTIVO,2026-01-06T00:00:00,,ABIERTA,MEDIA,Orden de preventivo para activo ACT-0028
OM-00454,ACT-0001,PREVENTIVO,2026-03-01T00:00:00,,CANCELADA,BAJA,
OM-00455,ACT-0007,PREDICTIVO,2026-04-05T00:00:00,,ABIERTA,BAJA,Orden de preventivo para activo ACT-0021
OM-00456,ACT-0036,CORRECTIVO,2026-03-13T00:00:00,2026-03-26T00:00:00,EN_PROCESO,ALTA,Orden de predictivo para activo ACT-0037
OM-00457,ACT-0032,CORRECTIVO,2026-01-31T00:00:00,2026-02-07T00:00:00,COMPLETADA,BAJA,Orden de predictivo para activo ACT-0015
OM-00458,ACT-0031,CORRECTIVO,2026-01-18T00:00:00,2026-01-27T00:00:00,EN_PROCESO,ALTA,Orden de preventivo para activo ACT-0048
OM-00459,ACT-0006,PREVENTIVO,2026-03-31T00:00:00,2026-04-06T00:00:00,COMPLETADA,ALTA,Orden de predictivo para activo ACT-0002
OM-00460,ACT-0042,PREDICTIVO,2026-04-16T00:00:00,,ABIERTA,ALTA,Orden de predictivo para activo ACT-0011
OM-00461,ACT-0035,PREDICTIVO,2026-04-07T00:00:00,,CANCELADA,ALTA,Orden de correctivo para activo ACT-0043
OM-00462,ACT-0033,PREDICTIVO,2026-01-21T00:00:00,,CANCELADA,MEDIA,Orden de predictivo para activo ACT-0026
OM-00463,ACT-0024,PREDICTIVO,2026-02-03T00:00:00,2026-02-16T00:00:00,COMPLETADA,ALTA,Orden de predictivo para activo ACT-0031
OM-00464,ACT-0027,CORRECTIVO,2026-03-30T00:00:00,2026-04-08T00:00:00,EN_PROCESO,ALTA,
OM-00465,ACT-0005,PREVENTIVO,,2026-02-16T00:00:00,COMPLETADA,BAJA,Orden de preventivo para activo ACT-0026
OM-00466,ACT-0026,PREVENTIVO,,,CANCELADA,BAJA,Orden de correctivo para activo ACT-0010
OM-00467,ACT-0004,PREDICTIVO,2026-01-22T00:00:00,2026-02-06T00:00:00,COMPLETADA,BAJA,Orden de correctivo para activo ACT-0017
OM-00468,ACT-0045,PREVENTIVO,,,ABIERTA,BAJA,Orden de correctivo para activo ACT-0050
OM-00469,ACT-0045,CORRECTIVO,2026-01-31T00:00:00,2026-02-10T00:00:00,EN_PROCESO,BAJA,Orden de correctivo para activo ACT-0013
OM-00470,ACT-0006,PREDICTIVO,2026-02-01T00:00:00,,CANCELADA,ALTA,Orden de predictivo para activo ACT-0043
OM-00471,ACT-0031,PREDICTIVO,2026-02-23T00:00:00,2026-03-03T00:00:00,EN_PROCESO,MEDIA,Orden de preventivo para activo ACT-0033
OM-00472,ACT-0008,PREDICTIVO,2026-04-02T00:00:00,2026-04-10T00:00:00,EN_PROCESO,MEDIA,Orden de correctivo para activo ACT-0016
OM-00473,ACT-0005,CORRECTIVO,2026-03-20T00:00:00,,CANCELADA,MEDIA,Orden de correctivo para activo ACT-0026
OM-00474,ACT-0006,PREVENTIVO,2026-03-03T00:00:00,2026-03-17T00:00:00,EN_PROCESO,BAJA,Orden de predictivo para activo ACT-0022
OM-00475,ACT-0050,PREVENTIVO,2026-01-16T00:00:00,2026-01-25T00:00:00,EN_PROCESO,ALTA,Orden de correctivo para activo ACT-0009
OM-00476,ACT-0010,CORRECTIVO,2026-01-09T00:00:00,,CANCELADA,ALTA,Orden de correctivo para activo ACT-0019
OM-00477,ACT-0046,CORRECTIVO,2026-02-15T00:00:00,,ABIERTA,MEDIA,Orden de preventivo para activo ACT-0003
OM-00478,ACT-0015,CORRECTIVO,2026-03-19T00:00:00,,ABIERTA,MEDIA,Orden de correctivo para activo ACT-0048
OM-00479,ACT-0002,CORRECTIVO,2026-04-10T00:00:00,,CANCELADA,ALTA,Orden de preventivo para activo ACT-0002
OM-00480,ACT-0031,PREDICTIVO,2026-01-17T00:00:00,,COMPLETADA,ALTA,Orden de correctivo para activo ACT-0046
OM-00481,ACT-0025,CORRECTIVO,2026-01-16T00:00:00,,CANCELADA,BAJA,Orden de preventivo para activo ACT-0034
OM-00482,ACT-0010,PREDICTIVO,2026-01-11T00:00:00,,ABIERTA,MEDIA,Orden de predictivo para activo ACT-0018
OM-00483,ACT-0020,PREVENTIVO,2026-02-21T00:00:00,,ABIERTA,ALTA,Orden de preventivo para activo ACT-0050
OM-00484,ACT-0011,PREVENTIVO,2026-01-11T00:00:00,,ABIERTA,BAJA,Orden de predictivo para activo ACT-0030
OM-00485,ACT-0009,PREVENTIVO,2026-02-06T00:00:00,2026-02-17T00:00:00,EN_PROCESO,ALTA,Orden de preventivo para activo ACT-0047
OM-00486,ACT-0015,PREDICTIVO,2026-01-16T00:00:00,,CANCELADA,BAJA,Orden de correctivo para activo ACT-0037
OM-00487,ACT-0013,PREDICTIVO,2026-02-03T00:00:00,2026-02-13T00:00:00,EN_PROCESO,ALTA,Orden de predictivo para activo ACT-0012
OM-00488,ACT-0035,PREVENTIVO,2026-04-12T00:00:00,2026-04-13T00:00:00,EN_PROCESO,ALTA,Orden de predictivo para activo ACT-0043
OM-00489,ACT-0022,CORRECTIVO,2026-04-07T00:00:00,,ABIERTA,BAJA,Orden de preventivo para activo ACT-0022
OM-00490,ACT-0038,PREVENTIVO,2026-03-30T00:00:00,2026-04-14T00:00:00,EN_PROCESO,ALTA,Orden de preventivo para activo ACT-0048
OM-00491,ACT-0036,PREDICTIVO,2026-01-10T00:00:00,,CANCELADA,ALTA,
OM-00492,ACT-0016,PREVENTIVO,2026-02-21T00:00:00,,ABIERTA,ALTA,Orden de correctivo para activo ACT-0037
OM-00493,ACT-0040,PREDICTIVO,2026-01-13T00:00:00,,ABIERTA,BAJA,Orden de predictivo para activo ACT-0011
OM-00494,ACT-0028,PREDICTIVO,2026-03-08T00:00:00,2026-03-10T00:00:00,EN_PROCESO,MEDIA,Orden de predictivo para activo ACT-0050
OM-00495,ACT-0019,PREDICTIVO,2026-03-30T00:00:00,2026-04-07T00:00:00,EN_PROCESO,ALTA,Orden de correctivo para activo ACT-0022
OM-00496,ACT-0023,PREDICTIVO,2026-03-30T00:00:00,2026-04-11T00:00:00,EN_PROCESO,MEDIA,Orden de predictivo para activo ACT-0024
OM-00497,ACT-0012,CORRECTIVO,2026-02-22T00:00:00,2026-03-07T00:00:00,COMPLETADA,BAJA,Orden de correctivo para activo ACT-0029
OM-00498,ACT-0041,PREVENTIVO,2026-03-30T00:00:00,2026-04-08T00:00:00,COMPLETADA,MEDIA,Orden de correctivo para activo ACT-0040
OM-00499,ACT-0036,CORRECTIVO,2026-02-17T00:00:00,,ABIERTA,MEDIA,Orden de preventivo para activo ACT-0041
OM-00500,ACT-0037,CORRECTIVO,2026-02-13T00:00:00,,ABIERTA,MEDIA,Orden de predictivo para activo ACT-0027
OM-00501,ACT-0034,PREDICTIVO,2026-01-01T00:00:00,2026-01-10T00:00:00,COMPLETADA,ALTA,Orden de preventivo para activo ACT-0003
OM-00502,ACT-0017,PREVENTIVO,2026-02-04T00:00:00,2026-02-17T00:00:00,COMPLETADA,ALTA,Orden de predictivo para activo ACT-0027
OM-00503,ACT-0014,PREDICTIVO,2026-04-15T00:00:00,,ABIERTA,ALTA,Orden de predictivo para activo ACT-0023
OM-00504,ACT-0033,PREDICTIVO,2026-01-31T00:00:00,,ABIERTA,MEDIA,Orden de predictivo para activo ACT-0002
OM-00505,ACT-0028,PREDICTIVO,2026-01-24T00:00:00,2026-02-03T00:00:00,COMPLETADA,BAJA,Orden de predictivo para activo ACT-0018
OM-00506,ACT-0036,PREVENTIVO,2026-02-11T00:00:00,,CANCELADA,MEDIA,Orden de predictivo para activo ACT-0012
OM-00507,ACT-0001,PREDICTIVO,2026-04-04T00:00:00,,ABIERTA,MEDIA,Orden de preventivo para activo ACT-0030
OM-00508,ACT-0050,CORRECTIVO,2026-04-14T00:00:00,,ABIERTA,BAJA,Orden de preventivo para activo ACT-0049
OM-00509,ACT-0003,PREVENTIVO,2026-03-06T00:00:00,,ABIERTA,BAJA,Orden de predictivo para activo ACT-0023
OM-00510,ACT-0025,PREDICTIVO,2026-04-04T00:00:00,,ABIERTA,MEDIA,
OM-00511,ACT-0002,PREDICTIVO,2026-02-09T00:00:00,,CANCELADA,MEDIA,Orden de predictivo para activo ACT-0039
OM-00512,ACT-0024,PREDICTIVO,,2026-02-14T00:00:00,EN_PROCESO,BAJA,Orden de correctivo para activo ACT-0008
OM-00513,ACT-0044,CORRECTIVO,2026-02-03T00:00:00,,CANCELADA,BAJA,Orden de preventivo para activo ACT-0043
OM-00514,ACT-0046,CORRECTIVO,2026-04-18T00:00:00,2026-04-24T00:00:00,EN_PROCESO,MEDIA,Orden de preventivo para activo ACT-0023
OM-00515,ACT-0033,CORRECTIVO,2026-02-05T00:00:00,2026-02-16T00:00:00,EN_PROCESO,ALTA,Orden de predictivo para activo ACT-0048
OM-00516,ACT-0030,PREVENTIVO,2026-01-02T00:00:00,,CANCELADA,MEDIA,Orden de predictivo para activo ACT-0033
OM-00517,ACT-0037,PREVENTIVO,2026-01-29T00:00:00,,CANCELADA,MEDIA,Orden de predictivo para activo ACT-0034
OM-00518,ACT-0001,CORRECTIVO,2026-02-03T00:00:00,2026-02-08T00:00:00,COMPLETADA,BAJA,Orden de preventivo para activo ACT-0003
OM-00519,ACT-0026,CORRECTIVO,2026-03-02T00:00:00,2026-03-12T00:00:00,EN_PROCESO,ALTA,Orden de preventivo para activo ACT-0047
OM-00520,ACT-0022,PREDICTIVO,2026-01-03T00:00:00,2026-01-14T00:00:00,COMPLETADA,MEDIA,Orden de correctivo para activo ACT-0030
OM-00521,ACT-0032,CORRECTIVO,2026-01-03T00:00:00,2026-01-07T00:00:00,COMPLETADA,MEDIA,Orden de preventivo para activo ACT-0005
OM-00522,ACT-0011,PREVENTIVO,2026-02-07T00:00:00,2026-02-14T00:00:00,COMPLETADA,ALTA,
OM-00523,ACT-0047,CORRECTIVO,2026-02-23T00:00:00,,CANCELADA,ALTA,Orden de predictivo para activo ACT-0041
OM-00524,ACT-0014,CORRECTIVO,2026-03-20T00:00:00,,ABIERTA,BAJA,Orden de preventivo para activo ACT-0025
OM-00525,ACT-0030,PREDICTIVO,2026-01-16T00:00:00,,ABIERTA,MEDIA,Orden de preventivo para activo ACT-0028
OM-00526,ACT-0024,PREVENTIVO,2026-04-01T00:00:00,,CANCELADA,ALTA,Orden de predictivo para activo ACT-0050
OM-00527,ACT-0002,CORRECTIVO,2026-04-04T00:00:00,,CANCELADA,MEDIA,Orden de predictivo para activo ACT-0015
OM-00528,ACT-0041,CORRECTIVO,2026-04-08T00:00:00,,ABIERTA,MEDIA,Orden de correctivo para activo ACT-0017
OM-00529,ACT-0029,PREVENTIVO,2026-01-15T00:00:00,,ABIERTA,BAJA,
OM-00530,ACT-0036,CORRECTIVO,2026-03-29T00:00:00,,CANCELADA,ALTA,Orden de correctivo para activo ACT-0028
OM-00531,ACT-0049,PREDICTIVO,2026-04-05T00:00:00,2026-04-11T00:00:00,COMPLETADA,MEDIA,Orden de correctivo para activo ACT-0049
OM-00532,ACT-0038,CORRECTIVO,2026-01-01T00:00:00,2026-01-13T00:00:00,EN_PROCESO,BAJA,Orden de preventivo para activo ACT-0016
OM-00533,ACT-0001,PREVENTIVO,2026-01-18T00:00:00,2026-01-23T00:00:00,COMPLETADA,MEDIA,Orden de predictivo para activo ACT-0030
OM-00534,ACT-0035,CORRECTIVO,2026-02-06T00:00:00,,ABIERTA,BAJA,Orden de predictivo para activo ACT-0013
OM-00535,ACT-0015,CORRECTIVO,2026-03-30T00:00:00,2026-04-03T00:00:00,EN_PROCESO,ALTA,Orden de predictivo para activo ACT-0043
OM-00536,ACT-0029,PREVENTIVO,2026-04-03T00:00:00,,CANCELADA,MEDIA,Orden de preventivo para activo ACT-0045
OM-00537,ACT-0045,PREVENTIVO,2026-02-09T00:00:00,2026-02-16T00:00:00,COMPLETADA,BAJA,Orden de preventivo para activo ACT-0018
OM-00538,ACT-0022,PREVENTIVO,2026-01-05T00:00:00,2026-01-20T00:00:00,EN_PROCESO,ALTA,Orden de predictivo para activo ACT-0011
OM-00539,ACT-0039,PREDICTIVO,2026-01-24T00:00:00,2026-01-25T00:00:00,COMPLETADA,ALTA,Orden de predictivo para activo ACT-0015
OM-00540,ACT-0049,PREVENTIVO,2026-01-14T00:00:00,,CANCELADA,ALTA,
OM-00541,ACT-0001,PREDICTIVO,2026-03-02T00:00:00,,CANCELADA,MEDIA,Orden de preventivo para activo ACT-0019
OM-00542,ACT-0048,PREDICTIVO,2026-01-03T00:00:00,,CANCELADA,MEDIA,Orden de predictivo para activo ACT-0018
OM-00543,ACT-0018,PREDICTIVO,2026-03-25T00:00:00,,ABIERTA,MEDIA,Orden de preventivo para activo ACT-0020
OM-00544,ACT-0034,PREVENTIVO,2026-03-13T00:00:00,,ABIERTA,MEDIA,Orden de predictivo para activo ACT-0035
OM-00545,ACT-0012,PREDICTIVO,2026-04-17T00:00:00,2026-04-18T00:00:00,EN_PROCESO,BAJA,Orden de correctivo para activo ACT-0021
OM-00546,ACT-0020,PREVENTIVO,2026-04-13T00:00:00,,ABIERTA,MEDIA,Orden de predictivo para activo ACT-0021
OM-00547,ACT-0033,PREVENTIVO,2026-01-29T00:00:00,,COMPLETADA,BAJA,Orden de predictivo para activo ACT-0013
OM-00548,ACT-0043,PREVENTIVO,2026-02-19T00:00:00,2026-02-21T00:00:00,EN_PROCESO,ALTA,Orden de correctivo para activo ACT-0001
OM-00549,ACT-0012,CORRECTIVO,2026-04-15T00:00:00,,ABIERTA,ALTA,Orden de predictivo para activo ACT-0018
OM-00550,ACT-0016,PREVENTIVO,2026-03-13T00:00:00,,ABIERTA,ALTA,Orden de correctivo para activo ACT-0048
