documento,fecha_documento,centro,cuenta,importe,texto,ref_obra
SAP-582336,2026-02-20,CC-007,430100,-30620.15,Extracto obra OL-023 - Factura,OL-007
SAP-437176,,CC-008,400000,-33903.85,Extracto obra OL-033 - Nota crédito,OL-012
SAP-754551,2026-04-01,CC-003,400200,-5909.64,Extracto obra OL-038 - Nota crédito,OL-048
SAP-657037,2026-01-02,CC-004,400200,48543.45,Extracto obra OL-024 - Factura,OL-036
SAP-992095,2026-02-05,CC-002,620000,13337.97,Extracto obra OL-026 - Abono,
SAP-515001,2026-01-13,CC-009,430000,46443.23,Extracto obra OL-010 - Abono,OL-050
SAP-695657,2026-04-03,CC-008,400200,23424.94,Extracto obra OL-033 - Factura,OL-046
SAP-694672,2026-01-19,CC-003,430100,42225.59,Extracto obra OL-035 - Abono,OL-005
SAP-804240,2026-01-01,CC-005,620000,,Extracto obra OL-012 - Factura,OL-027
SAP-472746,,CC-007,430100,73397.91,Extracto obra OL-020 - Nota crédito,OL-036
SAP-388885,2026-01-27,CC-003,620000,,Extracto obra OL-016 - Factura,OL-034
SAP-846381,2026-01-14,CC-004,410100,2245.79,Extracto obra OL-041 - Nota crédito,OL-038
SAP-162673,2026-01-17,CC-010,430000,51082.53,Extracto obra OL-006 - Nota crédito,OL-023
SAP-493314,2026-04-10,CC-007,400100,-45062.72,Extracto obra OL-029 - Abono,OL-015
SAP-815368,2026-04-12,CC-005,430000,-10976.89,Extracto obra OL-024 - Abono,
SAP-924282,2026-01-09,CC-008,430000,-22760.14,Extracto obra OL-031 - Nota crédito,OL-011
SAP-105284,2026-03-06,CC-002,400200,-15805.92,Extracto obra OL-050 - Factura,OL-030
SAP-425504,2026-01-26,CC-001,620000,,Extracto obra OL-003 - Abono,OL-010
SAP-675870,2026-04-18,CC-003,620000,15301.73,Extracto obra OL-005 - Abono,
SAP-569737,2026-03-18,CC-009,610100,-3363.76,Extracto obra OL-047 - Abono,
SAP-418745,2026-04-05,CC-008,430000,17699.9,Extracto obra OL-043 - Nota crédito,OL-033
SAP-610672,2026-03-20,CC-003,610100,1549.5,Extracto obra OL-050 - Abono,OL-044
SAP-639189,2026-02-19,CC-004,410000,69623.12,Extracto obra OL-014 - Abono,OL-032
SAP-658283,2026-01-23,CC-003,430000,93483.16,Extracto obra OL-019 - Nota crédito,OL-028
SAP-386777,2026-04-08,CC-006,430100,20612.66,Extracto obra OL-023 - Abono,OL-050
SAP-221178,2026-04-28,CC-004,410000,95116.48,Extracto obra OL-022 - Abono,OL-010
SAP-958400,2026-03-11,CC-001,400100,-12724.48,Extracto obra OL-012 - Abono,
SAP-366237,2026-03-15,CC-004,610000,,Extracto obra OL-050 - Factura,OL-044
SAP-116008,2026-01-02,CC-003,620000,38258.12,Extracto obra OL-026 - Factura,OL-036
SAP-274437,2026-03-23,CC-001,410100,89500.51,Extracto obra OL-037 - Factura,OL-045
SAP-263925,2026-03-14,CC-010,410000,88708.94,Extracto obra OL-011 - Nota crédito,OL-002
SAP-803693,2026-02-25,CC-002,620000,75682.41,Extracto obra OL-042 - Abono,
SAP-804868,2026-04-28,CC-009,430000,53028.68,Extracto obra OL-032 - Nota crédito,
SAP-172247,2026-03-12,CC-004,620000,19420.56,Extracto obra OL-028 - Abono,OL-044
SAP-999514,2026-03-24,CC-008,430000,-21834.3,Extracto obra OL-042 - Factura,OL-006
SAP-643749,2026-02-26,CC-002,610100,91790.09,Extracto obra OL-009 - Abono,OL-021
SAP-418615,2026-04-07,CC-002,430000,90209.85,Extracto obra OL-021 - Factura,OL-023
SAP-789245,2026-02-02,CC-007,400200,-49831.14,Extracto obra OL-003 - Abono,OL-030
SAP-353627,2026-01-27,CC-003,610000,-30135.02,Extracto obra OL-021 - Nota crédito,OL-041
SAP-244104,2026-01-27,CC-010,400000,11163.69,Extracto obra OL-001 - Abono,OL-020
SAP-383625,2026-04-13,CC-010,410100,61362.35,Extracto obra OL-042 - Factura,OL-023
SAP-201046,2026-03-17,CC-003,410100,-48608.33,Extracto obra OL-010 - Nota crédito,
SAP-191474,2026-04-06,CC-006,620000,43635.55,Extracto obra OL-048 - Factura,OL-029
SAP-113123,2026-04-11,CC-002,410000,,Extracto obra OL-044 - Factura,OL-019
SAP-865716,2026-02-18,CC-008,430000,98799.42,Extracto obra OL-025 - Abono,OL-007
SAP-281160,2026-03-21,CC-003,410100,,Extracto obra OL-045 - Abono,OL-030
SAP-663326,2026-04-12,CC-001,400200,3227.15,Extracto obra OL-030 - Nota crédito,OL-016
SAP-645787,2026-03-23,CC-009,430000,15805.42,Extracto obra OL-026 - Factura,OL-041
SAP-232398,2026-02-09,CC-010,620000,-17301.36,Extracto obra OL-041 - Factura,OL-031
SAP-595107,2026-02-08,CC-002,410100,-14359.82,,OL-042
SAP-652005,2026-02-05,CC-005,610000,-1796.66,Extracto obra OL-030 - Nota crédito,OL-033
SAP-375319,2026-04-02,CC-001,430100,-20135.73,Extracto obra OL-008 - Abono,OL-007
SAP-454229,2026-02-04,CC-003,610000,6318.73,Extracto obra OL-009 - Abono,
SAP-582448,2026-02-03,CC-001,430100,46283.19,Extracto obra OL-019 - Factura,OL-015
SAP-267601,2026-03-16,CC-008,400000,-3532.14,Extracto obra OL-038 - Nota crédito,OL-013
SAP-447148,2026-04-08,CC-001,610100,-40007.9,Extracto obra OL-043 - Nota crédito,
SAP-186004,2026-04-03,CC-003,410100,18981.25,Extracto obra OL-012 - Abono,OL-040
SAP-203924,2026-01-14,CC-006,620000,,Extracto obra OL-039 - Nota crédito,OL-018
SAP-671278,2026-04-26,CC-001,410000,74776.5,Extracto obra OL-012 - Abono,OL-050
SAP-281190,2026-04-25,CC-007,610100,74452.22,Extracto obra OL-037 - Nota crédito,OL-016
SAP-733649,2026-04-09,CC-008,430000,-25921.42,Extracto obra OL-032 - Factura,OL-046
SAP-614076,2026-04-09,CC-010,400200,,Extracto obra OL-030 - Factura,
SAP-160143,2026-03-14,CC-005,410100,2450.53,Extracto obra OL-005 - Abono,OL-016
SAP-345132,2026-04-13,CC-007,610000,-38135.25,Extracto obra OL-045 - Nota crédito,OL-024
SAP-826327,2026-01-23,CC-007,410000,4799.9,Extracto obra OL-011 - Abono,OL-033
SAP-597441,2026-02-27,CC-007,400200,62431.21,Extracto obra OL-006 - Abono,OL-014
SAP-331553,2026-04-26,CC-007,400000,-44007.61,,OL-046
SAP-690821,2026-02-13,CC-002,620000,-15686.47,Extracto obra OL-020 - Factura,OL-042
SAP-181652,2026-03-11,CC-006,400000,15375.46,Extracto obra OL-049 - Abono,OL-050
SAP-300484,2026-03-07,CC-002,430100,24323.2,Extracto obra OL-043 - Abono,OL-043
SAP-473038,2026-03-13,CC-008,430000,7569.33,Extracto obra OL-019 - Factura,OL-018
SAP-477458,,CC-002,610000,45421.46,Extracto obra OL-004 - Abono,OL-033
SAP-485383,2026-03-05,CC-010,400100,,Extracto obra OL-021 - Nota crédito,OL-028
SAP-117247,2026-04-03,CC-007,610100,-16901.24,Extracto obra OL-029 - Factura,OL-010
SAP-218499,2026-03-03,CC-001,610100,,Extracto obra OL-034 - Abono,OL-046
SAP-301541,2026-04-19,CC-003,410000,62848.32,Extracto obra OL-024 - Abono,OL-013
SAP-798809,2026-01-25,CC-008,410100,33485.24,Extracto obra OL-035 - Nota crédito,OL-027
SAP-864724,2026-02-25,CC-006,410100,37547.79,Extracto obra OL-036 - Factura,OL-048
SAP-985168,2026-03-09,CC-008,430100,97158.91,Extracto obra OL-032 - Factura,OL-006
SAP-300301,2026-04-06,CC-004,400200,-39090.7,Extracto obra OL-022 - Abono,
SAP-637134,,CC-001,410100,-49354.03,Extracto obra OL-037 - Factura,OL-050
SAP-267136,2026-04-10,CC-004,430100,-36124.72,Extracto obra OL-007 - Abono,OL-009
SAP-963695,2026-01-22,CC-006,430100,86160.18,Extracto obra OL-036 - Nota crédito,OL-038
SAP-746256,2026-01-21,CC-009,620000,19265.2,Extracto obra OL-013 - Factura,
SAP-616412,2026-04-15,CC-003,410000,72510.68,Extracto obra OL-034 - Factura,OL-027
SAP-347422,2026-03-27,CC-008,410100,-46969.87,Extracto obra OL-049 - Factura,OL-047
SAP-770152,2026-02-17,CC-009,410100,93340.67,Extracto obra OL-046 - Abono,OL-028
SAP-856184,2026-01-27,CC-004,410100,64236.07,Extracto obra OL-013 - Factura,OL-011
SAP-261132,2026-02-16,CC-008,430100,-2223.69,Extracto obra OL-026 - Abono,OL-017
SAP-759597,2026-03-22,CC-004,410000,39010.65,Extracto obra OL-019 - Abono,OL-036
SAP-893114,2026-02-20,CC-004,400000,-24482.84,Extracto obra OL-044 - Abono,OL-002
SAP-837809,2026-01-11,CC-002,400200,-16851.28,Extracto obra OL-012 - Factura,OL-024
SAP-241678,2026-01-04,CC-008,620000,44988.81,Extracto obra OL-010 - Factura,OL-019
SAP-394506,2026-02-03,CC-009,400100,46179.34,Extracto obra OL-021 - Nota crédito,OL-003
SAP-272665,2026-02-15,CC-005,410000,68049.24,Extracto obra OL-027 - Factura,OL-050
SAP-613078,2026-01-26,CC-007,430100,,Extracto obra OL-012 - Abono,OL-041
SAP-742284,,CC-002,400000,-41666.45,Extracto obra OL-028 - Nota crédito,OL-036
SAP-403493,2026-01-08,CC-004,410000,341.81,Extracto obra OL-024 - Nota crédito,OL-011
SAP-851776,2026-01-08,CC-002,430100,,Extracto obra OL-009 - Nota crédito,OL-013
SAP-696539,2026-04-28,CC-006,620000,,Extracto obra OL-023 - Abono,OL-031
SAP-368020,2026-02-15,CC-002,620000,30521.89,Extracto obra OL-048 - Abono,OL-014
SAP-628485,2026-03-11,CC-008,400200,35470.39,Extracto obra OL-018 - Nota crédito,OL-033
SAP-303325,2026-03-31,CC-007,410100,-41999.23,Extracto obra OL-038 - Abono,OL-002
SAP-842221,2026-03-22,CC-009,410000,,Extracto obra OL-023 - Abono,OL-031
SAP-643852,2026-01-29,CC-008,400000,5568.08,Extracto obra OL-005 - Factura,OL-010
SAP-928242,2026-04-28,CC-003,410000,6346.73,Extracto obra OL-018 - Nota crédito,OL-016
SAP-914233,2026-01-07,CC-001,400100,-33623.71,Extracto obra OL-032 - Abono,OL-001
SAP-674526,2026-02-03,CC-003,430000,39395.28,Extracto obra OL-008 - Nota crédito,OL-019
SAP-160754,2026-02-07,CC-005,430100,76262.02,Extracto obra OL-019 - Abono,OL-008
SAP-930565,2026-04-22,CC-005,400000,-36577.54,Extracto obra OL-045 - Abono,OL-039
SAP-302555,2026-02-07,CC-005,410000,85343.0,Extracto obra OL-047 - Nota crédito,OL-020
SAP-698478,2026-03-30,CC-008,400200,75450.31,Extracto obra OL-047 - Abono,OL-031
SAP-162049,2026-04-11,CC-006,410100,79809.71,Extracto obra OL-012 - Abono,OL-023
SAP-793245,2026-02-22,CC-010,400100,83672.7,Extracto obra OL-015 - Factura,OL-048
SAP-285739,2026-01-08,CC-009,610000,32567.46,Extracto obra OL-042 - Abono,OL-014
SAP-552394,2026-04-18,CC-003,610100,-2627.9,Extracto obra OL-039 - Nota crédito,OL-010
SAP-766793,2026-01-17,CC-001,610000,-30523.65,Extracto obra OL-010 - Factura,OL-020
SAP-146889,2026-02-28,CC-006,400000,95059.1,Extracto obra OL-050 - Abono,OL-016
SAP-188432,2026-02-14,CC-010,400000,6248.54,Extracto obra OL-041 - Factura,OL-003
SAP-918539,2026-04-17,CC-007,430100,96865.42,Extracto obra OL-016 - Nota crédito,OL-027
SAP-141910,2026-04-22,CC-008,410100,19832.38,Extracto obra OL-007 - Abono,OL-009
SAP-174536,2026-03-31,CC-001,400200,-30929.88,Extracto obra OL-043 - Nota crédito,OL-017
SAP-489629,2026-01-06,CC-010,610100,,Extracto obra OL-047 - Nota crédito,OL-024
SAP-217582,2026-03-05,CC-006,400100,2853.33,Extracto obra OL-030 - Factura,OL-023
SAP-785190,2026-01-16,CC-010,410000,75191.31,Extracto obra OL-014 - Factura,OL-044
SAP-230443,2026-03-15,CC-002,620000,41251.82,Extracto obra OL-023 - Factura,OL-036
SAP-285064,2026-02-10,CC-003,400200,-36724.66,Extracto obra OL-049 - Nota crédito,OL-040
SAP-687237,2026-04-12,CC-008,400000,92697.23,Extracto obra OL-014 - Factura,OL-035
SAP-382087,2026-02-17,CC-009,610000,5529.36,,OL-007
SAP-449052,2026-04-22,CC-008,610000,-26439.19,Extracto obra OL-028 - Abono,OL-031
SAP-525413,,CC-003,430100,35827.85,Extracto obra OL-035 - Nota crédito,OL-002
SAP-875548,2026-02-08,CC-002,410100,,Extracto obra OL-022 - Abono,OL-035
SAP-785542,2026-01-05,CC-002,430100,94459.86,Extracto obra OL-005 - Factura,OL-014
SAP-379076,2026-02-23,CC-008,620000,,Extracto obra OL-040 - Nota crédito,OL-042
SAP-571176,2026-01-15,CC-009,430100,94965.37,Extracto obra OL-041 - Abono,OL-036
SAP-572871,2026-01-28,CC-001,620000,72755.12,Extracto obra OL-024 - Factura,OL-042
SAP-805512,,CC-005,430000,1858.96,Extracto obra OL-035 - Abono,OL-020
SAP-119023,2026-02-03,CC-004,430000,1260.59,Extracto obra OL-047 - Factura,OL-025
SAP-587487,2026-04-11,CC-002,410100,88700.21,Extracto obra OL-001 - Factura,OL-021
SAP-236152,2026-04-16,CC-002,620000,-44938.46,Extracto obra OL-026 - Abono,OL-002
SAP-770040,2026-04-01,CC-003,400100,-31670.99,Extracto obra OL-021 - Factura,OL-045
SAP-454035,2026-03-07,CC-010,400200,96490.48,Extracto obra OL-041 - Nota crédito,OL-029
SAP-987186,2026-01-31,CC-005,430000,,Extracto obra OL-016 - Factura,OL-012
SAP-174347,2026-01-27,CC-001,410000,-35745.04,Extracto obra OL-023 - Abono,OL-019
SAP-193904,2026-03-22,CC-004,430000,36386.81,Extracto obra OL-046 - Factura,OL-047
SAP-164765,2026-01-04,CC-007,430100,76030.85,Extracto obra OL-013 - Factura,
SAP-257277,2026-03-16,CC-005,610100,98640.2,Extracto obra OL-036 - Abono,OL-045
SAP-650327,2026-03-10,CC-005,400100,27391.59,Extracto obra OL-029 - Factura,OL-019
SAP-842298,2026-02-11,CC-007,620000,-36961.37,Extracto obra OL-048 - Factura,OL-021
SAP-500339,,CC-001,620000,97589.86,Extracto obra OL-034 - Nota crédito,OL-039
SAP-958948,2026-03-16,CC-003,410000,3825.58,Extracto obra OL-040 - Factura,OL-013
SAP-732379,2026-04-28,CC-007,400200,-33521.35,Extracto obra OL-044 - Nota crédito,OL-041
SAP-407286,2026-04-08,CC-005,400000,,Extracto obra OL-034 - Factura,OL-008
SAP-476787,2026-02-22,CC-007,410100,-21543.95,Extracto obra OL-034 - Factura,OL-006
SAP-341874,2026-03-12,CC-010,400100,24742.35,Extracto obra OL-027 - Abono,OL-017
SAP-871061,2026-01-22,CC-010,410000,54747.37,Extracto obra OL-045 - Abono,OL-046
SAP-132238,2026-03-29,CC-001,430100,54312.26,Extracto obra OL-041 - Nota crédito,OL-036
SAP-357290,2026-01-04,CC-009,430100,93962.37,Extracto obra OL-017 - Nota crédito,OL-018
SAP-748333,2026-01-29,CC-008,610000,67270.61,Extracto obra OL-026 - Factura,OL-011
SAP-843577,2026-03-02,CC-005,410100,-18242.71,Extracto obra OL-049 - Factura,OL-039
SAP-538877,2026-02-02,CC-006,620000,12944.3,Extracto obra OL-050 - Factura,OL-015
SAP-115776,2026-01-08,CC-005,430100,-16390.04,Extracto obra OL-007 - Factura,OL-019
SAP-520676,2026-02-12,CC-008,610000,80108.59,Extracto obra OL-001 - Nota crédito,OL-010
SAP-587351,2026-03-07,CC-001,610000,63079.31,Extracto obra OL-041 - Factura,OL-043
SAP-374929,2026-02-02,CC-008,610000,85552.79,Extracto obra OL-018 - Nota crédito,
SAP-987871,2026-04-11,CC-008,400200,-11546.62,Extracto obra OL-026 - Factura,OL-042
SAP-705735,2026-01-20,CC-010,610100,,Extracto obra OL-038 - Nota crédito,OL-050
SAP-570641,2026-03-01,CC-003,410100,14670.74,Extracto obra OL-017 - Abono,OL-001
SAP-226279,2026-04-26,CC-001,610000,36211.11,Extracto obra OL-046 - Nota crédito,OL-045
SAP-244222,2026-01-20,CC-008,400100,-20431.71,Extracto obra OL-036 - Nota crédito,OL-030
SAP-570272,2026-01-25,CC-006,410100,-7472.62,Extracto obra OL-031 - Nota crédito,OL-038
SAP-142776,2026-02-17,CC-009,400200,27041.25,Extracto obra OL-041 - Nota crédito,
SAP-274013,2026-01-07,CC-010,410000,22391.04,Extracto obra OL-038 - Abono,OL-036
SAP-762344,2026-02-11,CC-007,430100,17188.6,Extracto obra OL-041 - Nota crédito,OL-025
SAP-664638,2026-02-28,CC-001,610000,-38844.0,Extracto obra OL-041 - Factura,OL-031
SAP-657603,2026-03-14,CC-005,400200,27074.46,Extracto obra OL-011 - Abono,OL-015
SAP-342987,2026-01-05,CC-001,400200,17807.3,Extracto obra OL-027 - Factura,
SAP-747857,2026-02-16,CC-007,410100,21919.14,Extracto obra OL-009 - Abono,OL-048
SAP-109269,2026-03-23,CC-008,410100,11859.66,Extracto obra OL-032 - Nota crédito,OL-015
SAP-997115,2026-02-06,CC-010,430000,-2923.23,Extracto obra OL-040 - Abono,OL-019
SAP-182321,2026-02-19,CC-003,400100,-16621.57,Extracto obra OL-022 - Nota crédito,OL-048
SAP-239909,2026-01-08,CC-005,610100,-26830.48,Extracto obra OL-023 - Nota crédito,OL-048
SAP-126988,2026-01-23,CC-007,430100,53595.27,Extracto obra OL-036 - Factura,OL-046
SAP-830488,2026-01-04,CC-001,400100,15936.91,,OL-028
SAP-738017,2026-04-01,CC-002,430000,20117.96,,OL-007
SAP-792239,2026-01-19,CC-003,410000,-27195.23,Extracto obra OL-043 - Nota crédito,OL-036
SAP-802257,2026-04-06,CC-001,610100,51624.44,Extracto obra OL-008 - Nota crédito,OL-015
SAP-767696,,CC-009,430000,57395.76,Extracto obra OL-050 - Nota crédito,OL-008
SAP-668808,2026-04-19,CC-009,410100,-27232.71,Extracto obra OL-046 - Abono,OL-006
SAP-163209,2026-03-21,CC-004,430000,-6296.56,Extracto obra OL-037 - Nota crédito,OL-032
SAP-351536,2026-01-16,CC-002,620000,-49155.13,,OL-037
SAP-456606,2026-04-11,CC-005,410100,,Extracto obra OL-037 - Nota crédito,OL-001
SAP-464180,2026-02-24,CC-008,400200,-17678.12,Extracto obra OL-043 - Factura,OL-041
SAP-764615,2026-03-15,CC-001,430000,-45155.57,Extracto obra OL-001 - Factura,OL-008
SAP-442459,2026-02-09,CC-010,610100,-22242.44,Extracto obra OL-018 - Abono,OL-007
SAP-737230,2026-02-20,CC-009,610100,-47359.44,Extracto obra OL-046 - Factura,OL-002
SAP-359635,2026-03-26,CC-007,430000,57350.42,Extracto obra OL-048 - Abono,OL-048
SAP-543010,2026-03-05,CC-009,430000,-26076.5,Extracto obra OL-002 - Abono,OL-013
SAP-811931,2026-01-07,CC-005,400100,-24824.54,Extracto obra OL-038 - Abono,OL-038
SAP-517379,2026-04-24,CC-001,610100,68704.18,Extracto obra OL-025 - Factura,OL-034
SAP-354526,2026-03-18,CC-004,430100,-14389.68,Extracto obra OL-012 - Nota crédito,OL-002
SAP-188974,2026-04-09,CC-009,410000,28579.83,Extracto obra OL-029 - Abono,OL-028
SAP-814101,,CC-009,400000,60935.39,Extracto obra OL-006 - Nota crédito,OL-006
SAP-192325,,CC-008,400200,78912.6,Extracto obra OL-011 - Abono,OL-050
SAP-979090,2026-03-24,CC-006,400200,-27275.07,Extracto obra OL-048 - Abono,OL-016
SAP-733072,2026-04-20,CC-001,400200,-28471.13,Extracto obra OL-004 - Nota crédito,OL-013
SAP-798702,2026-04-08,CC-002,410100,-36559.77,Extracto obra OL-012 - Factura,OL-039
SAP-844280,2026-03-05,CC-001,400200,10517.49,Extracto obra OL-004 - Nota crédito,OL-014
SAP-516980,,CC-001,400200,66001.36,Extracto obra OL-007 - Nota crédito,OL-031
SAP-917904,2026-04-15,CC-006,410000,11011.45,Extracto obra OL-042 - Factura,OL-012
SAP-678916,2026-03-14,CC-010,400100,79369.12,Extracto obra OL-029 - Factura,OL-035
SAP-639992,2026-01-03,CC-009,410000,1344.59,Extracto obra OL-038 - Factura,OL-048
SAP-760276,2026-03-24,CC-006,400100,98511.88,Extracto obra OL-021 - Nota crédito,OL-001
SAP-183206,2026-03-29,CC-010,410100,45298.38,Extracto obra OL-002 - Nota crédito,OL-020
SAP-991220,2026-01-16,CC-006,610100,3987.98,Extracto obra OL-012 - Abono,OL-024
SAP-920720,2026-03-27,CC-010,620000,-19169.68,Extracto obra OL-027 - Nota crédito,OL-015
SAP-199363,2026-04-02,CC-004,400000,25269.8,Extracto obra OL-018 - Factura,OL-003
SAP-181920,,CC-002,400100,-46099.12,Extracto obra OL-030 - Factura,OL-033
SAP-270029,2026-04-10,CC-009,410100,,Extracto obra OL-002 - Nota crédito,OL-021
SAP-953917,2026-02-18,CC-005,410000,76976.06,Extracto obra OL-019 - Nota crédito,OL-041
SAP-217594,2026-02-19,CC-008,430100,-45153.58,Extracto obra OL-002 - Factura,OL-028
SAP-901779,2026-01-24,CC-007,400000,-8998.13,Extracto obra OL-025 - Abono,
SAP-818947,2026-01-07,CC-008,430000,95287.35,Extracto obra OL-036 - Factura,OL-019
SAP-691944,,CC-005,400200,56732.25,Extracto obra OL-043 - Nota crédito,OL-046
SAP-936151,2026-01-10,CC-009,620000,71789.79,Extracto obra OL-007 - Nota crédito,OL-047
SAP-541174,2026-01-28,CC-002,610100,84677.26,Extracto obra OL-006 - Factura,OL-007
SAP-133721,2026-03-05,CC-009,410100,97251.04,Extracto obra OL-030 - Abono,OL-036
SAP-206171,2026-04-19,CC-009,430000,-42842.25,Extracto obra OL-027 - Abono,OL-012
SAP-351030,2026-02-08,CC-005,430000,58017.22,Extracto obra OL-011 - Factura,OL-002
SAP-523515,2026-01-05,CC-007,400200,-33823.84,,OL-009
SAP-571795,2026-02-03,CC-007,610100,-49584.29,Extracto obra OL-028 - Factura,OL-014
SAP-781596,2026-03-13,CC-005,410000,-31997.44,Extracto obra OL-023 - Factura,OL-023
SAP-545265,2026-01-23,CC-004,400100,-38972.68,Extracto obra OL-030 - Nota crédito,OL-023
SAP-310741,2026-03-24,CC-007,400100,-19453.72,Extracto obra OL-009 - Nota crédito,OL-016
SAP-806841,2026-02-09,CC-009,400200,61952.97,Extracto obra OL-048 - Abono,OL-028
SAP-324550,2026-01-19,CC-003,410100,17654.17,Extracto obra OL-004 - Abono,OL-019
SAP-270645,2026-03-11,CC-001,610100,-31754.67,,
SAP-534460,2026-04-04,CC-005,400100,42853.0,Extracto obra OL-023 - Abono,OL-004
SAP-159799,2026-02-27,CC-002,610000,80017.04,Extracto obra OL-033 - Abono,OL-025
SAP-197966,2026-01-09,CC-001,620000,-44474.33,Extracto obra OL-042 - Factura,OL-019
SAP-904437,2026-01-09,CC-001,400200,-41320.19,Extracto obra OL-024 - Nota crédito,OL-012
SAP-164310,2026-04-09,CC-005,610100,96835.18,Extracto obra OL-030 - Nota crédito,OL-016
SAP-522283,,CC-004,620000,44613.86,Extracto obra OL-008 - Abono,OL-031
SAP-265570,2026-02-22,CC-001,400000,48727.82,Extracto obra OL-021 - Abono,OL-034
SAP-208973,2026-01-25,CC-010,400200,-29798.16,Extracto obra OL-044 - Abono,OL-003
SAP-585784,2026-03-07,CC-002,410100,48953.25,Extracto obra OL-037 - Nota crédito,OL-043
SAP-815397,2026-03-23,CC-008,400200,30229.67,Extracto obra OL-001 - Abono,OL-016
SAP-496159,2026-01-07,CC-005,430000,-29959.9,Extracto obra OL-003 - Nota crédito,
SAP-971160,2026-04-28,CC-005,400200,,Extracto obra OL-023 - Factura,
SAP-368244,2026-03-30,CC-005,410100,57866.68,Extracto obra OL-039 - Factura,OL-035
SAP-587086,2026-03-17,CC-002,410000,3400.49,Extracto obra OL-016 - Abono,OL-037
SAP-424346,,CC-003,430100,52857.93,Extracto obra OL-031 - Factura,OL-028
SAP-723993,2026-02-03,CC-010,610100,26818.13,Extracto obra OL-005 - Abono,OL-043
SAP-528870,2026-03-17,CC-005,410100,92512.16,Extracto obra OL-048 - Nota crédito,OL-037
SAP-144144,2026-02-15,CC-010,610000,72759.29,Extracto obra OL-011 - Factura,
SAP-603442,,CC-003,410000,69777.41,Extracto obra OL-049 - Factura,OL-044
SAP-294825,2026-04-02,CC-007,400100,55711.34,Extracto obra OL-017 - Factura,OL-037
SAP-862369,2026-01-15,CC-004,430100,,Extracto obra OL-042 - Nota crédito,OL-043
SAP-480469,,CC-005,410000,55425.77,Extracto obra OL-022 - Nota crédito,OL-002
SAP-589881,2026-02-15,CC-005,610100,40977.65,Extracto obra OL-027 - Abono,OL-023
SAP-906860,2026-04-19,CC-001,620000,-18366.69,Extracto obra OL-028 - Abono,OL-022
SAP-815806,2026-01-25,CC-008,400000,56451.72,Extracto obra OL-034 - Factura,
SAP-370555,,CC-003,430100,53272.73,Extracto obra OL-025 - Nota crédito,OL-012
SAP-968030,2026-03-03,CC-006,410100,41983.85,Extracto obra OL-006 - Abono,OL-049
SAP-987620,2026-01-16,CC-009,400000,85304.07,Extracto obra OL-029 - Abono,OL-034
SAP-919895,2026-02-18,CC-001,410000,26797.53,Extracto obra OL-016 - Abono,OL-050
SAP-357572,2026-02-19,CC-001,620000,-16698.18,Extracto obra OL-001 - Nota crédito,OL-036
SAP-482419,2026-02-14,CC-009,410100,-22559.93,Extracto obra OL-030 - Abono,OL-027
SAP-402824,2026-02-12,CC-003,430000,11036.35,Extracto obra OL-023 - Factura,OL-022
SAP-705173,,CC-008,410000,-22226.97,Extracto obra OL-038 - Nota crédito,OL-037
SAP-119296,2026-03-28,CC-007,400200,69795.8,Extracto obra OL-021 - Abono,OL-047
SAP-121981,2026-03-21,CC-002,430000,-21090.18,Extracto obra OL-003 - Nota crédito,OL-022
SAP-157090,2026-02-03,CC-003,610100,2651.81,Extracto obra OL-017 - Factura,OL-017
SAP-134234,2026-02-06,CC-003,410000,51600.29,Extracto obra OL-032 - Nota crédito,OL-040
SAP-987472,2026-03-09,CC-009,610100,82007.55,,OL-035
SAP-979614,2026-03-07,CC-009,400000,,Extracto obra OL-047 - Abono,OL-030
SAP-468164,2026-02-08,CC-006,400000,61474.72,Extracto obra OL-032 - Factura,OL-035
SAP-657450,2026-03-10,CC-005,610100,54238.77,Extracto obra OL-046 - Nota crédito,OL-019
SAP-702371,2026-02-07,CC-003,400000,83027.96,Extracto obra OL-015 - Factura,OL-014
SAP-317109,2026-03-13,CC-005,410100,48527.4,Extracto obra OL-041 - Abono,OL-013
SAP-695765,2026-03-13,CC-007,410000,41124.84,Extracto obra OL-034 - Abono,OL-047
SAP-391390,2026-02-21,CC-008,400000,21949.95,Extracto obra OL-018 - Abono,OL-015
SAP-936565,2026-04-13,CC-004,610100,32570.25,Extracto obra OL-039 - Nota crédito,OL-028
SAP-114956,,CC-006,430100,87588.26,Extracto obra OL-037 - Nota crédito,OL-004
SAP-312896,2026-03-27,CC-006,430100,25885.65,Extracto obra OL-032 - Abono,OL-018
SAP-572823,2026-02-10,CC-008,620000,6666.61,Extracto obra OL-037 - Abono,OL-010
SAP-403872,2026-01-30,CC-008,400100,-27379.45,Extracto obra OL-038 - Factura,OL-028
SAP-696649,2026-02-20,CC-003,610000,14847.88,Extracto obra OL-043 - Factura,OL-006
SAP-959870,2026-03-19,CC-009,610100,60347.71,Extracto obra OL-040 - Abono,OL-024
SAP-661869,,CC-001,610000,-12406.11,Extracto obra OL-007 - Abono,OL-028
SAP-697789,,CC-006,620000,48.13,Extracto obra OL-021 - Factura,OL-006
SAP-151833,2026-03-18,CC-008,400000,77377.24,Extracto obra OL-020 - Factura,OL-050
SAP-613463,2026-04-14,CC-004,610000,-31081.64,Extracto obra OL-009 - Factura,OL-022
SAP-518833,2026-02-25,CC-006,400200,419.53,,OL-047
SAP-690099,2026-03-05,CC-004,400200,78245.88,Extracto obra OL-022 - Abono,OL-032
SAP-642298,2026-01-08,CC-007,430100,95615.67,Extracto obra OL-034 - Factura,OL-041
SAP-780416,2026-03-06,CC-010,400200,58256.2,Extracto obra OL-001 - Factura,OL-006
SAP-865681,2026-04-28,CC-006,400000,44130.83,Extracto obra OL-014 - Abono,OL-046
SAP-847871,2026-02-09,CC-005,430100,31781.16,Extracto obra OL-046 - Nota crédito,OL-008
SAP-498261,2026-02-04,CC-009,410100,-4208.09,Extracto obra OL-022 - Nota crédito,OL-013
SAP-798344,2026-04-13,CC-009,410100,10962.3,Extracto obra OL-019 - Abono,OL-017
SAP-908723,2026-04-23,CC-010,410000,82649.08,Extracto obra OL-025 - Nota crédito,OL-034
SAP-981953,2026-02-22,CC-007,400000,,Extracto obra OL-022 - Factura,OL-017
SAP-992412,2026-04-22,CC-008,400100,9870.76,Extracto obra OL-025 - Abono,OL-031
SAP-667140,2026-03-25,CC-002,410000,90572.27,Extracto obra OL-005 - Nota crédito,OL-043
SAP-187677,2026-01-17,CC-006,410000,,Extracto obra OL-036 - Abono,
SAP-540720,2026-03-04,CC-003,610100,,Extracto obra OL-019 - Nota crédito,OL-001
SAP-917627,2026-03-21,CC-006,620000,34532.72,Extracto obra OL-028 - Nota crédito,OL-042
SAP-331999,2026-02-06,CC-007,410100,70504.04,Extracto obra OL-025 - Factura,OL-041
SAP-779172,2026-03-07,CC-003,610000,72884.08,Extracto obra OL-022 - Nota crédito,OL-040
SAP-807550,2026-03-05,CC-005,400100,77592.43,Extracto obra OL-039 - Abono,OL-010
SAP-457415,,CC-005,400100,62402.73,Extracto obra OL-048 - Factura,OL-011
SAP-786389,2026-03-12,CC-001,400200,,Extracto obra OL-025 - Abono,OL-034
SAP-468085,2026-03-08,CC-008,410100,,Extracto obra OL-033 - Abono,OL-027
SAP-848972,2026-01-19,CC-010,410100,-35074.76,Extracto obra OL-004 - Factura,
SAP-263189,2026-03-08,CC-005,610000,-13871.47,Extracto obra OL-011 - Abono,OL-040
SAP-883115,,CC-009,410000,,Extracto obra OL-036 - Nota crédito,OL-021
SAP-832423,2026-01-23,CC-002,410000,94820.02,Extracto obra OL-048 - Abono,OL-034
SAP-931425,2026-03-24,CC-003,620000,85608.43,Extracto obra OL-034 - Nota crédito,OL-021
SAP-849957,,CC-007,430100,-9682.21,Extracto obra OL-034 - Abono,OL-041
SAP-890687,2026-02-19,CC-009,430100,17241.12,Extracto obra OL-004 - Nota crédito,OL-039
SAP-755299,2026-02-17,CC-006,410100,23909.28,Extracto obra OL-013 - Factura,OL-025
SAP-290027,2026-02-16,CC-004,610100,,Extracto obra OL-032 - Nota crédito,OL-033
SAP-983680,2026-04-06,CC-007,430000,25442.75,Extracto obra OL-023 - Factura,OL-033
SAP-185056,2026-03-11,CC-009,620000,46782.4,Extracto obra OL-021 - Nota crédito,OL-049
SAP-890214,2026-03-31,CC-006,400000,54570.45,Extracto obra OL-045 - Factura,OL-013
SAP-937739,2026-03-03,CC-006,400000,-16441.82,Extracto obra OL-028 - Abono,OL-020
SAP-368074,2026-02-15,CC-003,400100,,Extracto obra OL-028 - Factura,
SAP-345771,2026-04-28,CC-010,430100,-30626.15,Extracto obra OL-048 - Nota crédito,OL-046
SAP-774043,2026-04-19,CC-003,410000,11557.55,Extracto obra OL-009 - Abono,
SAP-881562,2026-03-25,CC-005,410100,53867.09,Extracto obra OL-018 - Factura,OL-007
SAP-541013,2026-01-19,CC-003,620000,9568.53,Extracto obra OL-005 - Factura,OL-003
SAP-808298,2026-04-11,CC-005,400200,80650.64,Extracto obra OL-028 - Nota crédito,OL-032
SAP-935169,2026-01-01,CC-009,400000,90820.18,,OL-044
SAP-566864,2026-02-19,CC-008,430100,42663.42,Extracto obra OL-012 - Nota crédito,OL-018
SAP-974290,2026-01-25,CC-003,430100,89886.89,Extracto obra OL-032 - Nota crédito,OL-008
SAP-738722,2026-02-18,CC-002,610000,44798.86,Extracto obra OL-001 - Abono,OL-038
SAP-592491,2026-03-16,CC-003,400200,-22006.48,Extracto obra OL-012 - Factura,OL-042
SAP-306570,2026-03-10,CC-010,410100,18701.12,,OL-024
SAP-884542,,CC-009,410000,-42791.61,Extracto obra OL-010 - Nota crédito,OL-026
SAP-747294,2026-02-02,CC-003,400100,97041.72,Extracto obra OL-018 - Abono,OL-038
SAP-758035,2026-02-19,CC-009,400100,-853.17,Extracto obra OL-009 - Abono,
SAP-436803,2026-02-18,CC-009,430000,-8726.79,Extracto obra OL-045 - Factura,OL-027
SAP-710297,2026-04-24,CC-007,410000,90887.34,Extracto obra OL-024 - Nota crédito,OL-040
SAP-987250,2026-02-23,CC-007,400000,-15906.81,Extracto obra OL-003 - Factura,OL-036
SAP-769696,2026-04-17,CC-002,400200,11280.87,Extracto obra OL-043 - Factura,OL-042
SAP-941179,2026-01-09,CC-002,430100,72736.42,Extracto obra OL-024 - Nota crédito,OL-025
SAP-779011,2026-03-01,CC-005,620000,80430.86,Extracto obra OL-006 - Abono,OL-009
SAP-568061,2026-04-13,CC-006,610100,40516.99,Extracto obra OL-007 - Factura,OL-027
SAP-738732,2026-03-01,CC-005,430000,8601.61,Extracto obra OL-013 - Nota crédito,OL-003
SAP-908265,2026-01-22,CC-004,430000,-16362.67,Extracto obra OL-015 - Abono,OL-040
SAP-334068,2026-01-05,CC-007,400000,-46019.95,Extracto obra OL-045 - Factura,OL-047
SAP-116523,2026-02-14,CC-004,610100,-20011.2,Extracto obra OL-038 - Factura,OL-036
SAP-291552,2026-02-20,CC-004,610000,75815.37,Extracto obra OL-049 - Factura,OL-042
SAP-559442,2026-04-22,CC-008,410100,-45800.9,,OL-035
SAP-653544,2026-01-15,CC-008,400000,16397.59,Extracto obra OL-007 - Nota crédito,OL-021
SAP-622020,2026-02-24,CC-004,400100,83450.4,Extracto obra OL-042 - Abono,OL-015
SAP-103324,2026-03-21,CC-001,620000,48872.3,Extracto obra OL-047 - Factura,OL-009
SAP-732186,2026-02-18,CC-001,410000,-10620.91,Extracto obra OL-046 - Abono,OL-020
SAP-981768,2026-03-18,CC-002,400100,16973.02,Extracto obra OL-041 - Factura,OL-047
SAP-291729,2026-01-12,CC-007,410100,,Extracto obra OL-013 - Nota crédito,
SAP-373952,2026-01-10,CC-010,400000,-21432.46,Extracto obra OL-016 - Abono,OL-040
SAP-445804,2026-03-24,CC-005,610000,79589.75,Extracto obra OL-033 - Abono,OL-035
SAP-164503,2026-02-14,CC-004,610100,16829.08,Extracto obra OL-045 - Factura,OL-049
SAP-958085,2026-02-23,CC-003,430000,,Extracto obra OL-002 - Factura,OL-038
SAP-316001,2026-01-14,CC-010,400000,23607.01,Extracto obra OL-041 - Factura,OL-030
SAP-236057,2026-01-02,CC-010,620000,36943.28,,OL-042
SAP-939794,2026-04-21,CC-003,400100,55455.1,Extracto obra OL-028 - Abono,OL-043
SAP-140839,2026-03-15,CC-010,610100,-23618.3,Extracto obra OL-029 - Abono,OL-004
SAP-917188,2026-04-04,CC-010,410000,,Extracto obra OL-047 - Nota crédito,OL-022
SAP-510181,2026-04-24,CC-005,610100,-26010.61,Extracto obra OL-038 - Abono,OL-050
SAP-103072,2026-02-16,CC-007,400100,-41340.71,Extracto obra OL-036 - Factura,OL-030
SAP-563645,2026-01-25,CC-009,430000,9844.08,Extracto obra OL-049 - Factura,OL-033
SAP-677651,2026-01-27,CC-005,400000,56149.04,Extracto obra OL-020 - Factura,
SAP-415694,2026-01-12,CC-004,430000,87176.6,Extracto obra OL-002 - Nota crédito,OL-029
SAP-273696,2026-01-30,CC-005,610100,60370.87,Extracto obra OL-049 - Factura,
SAP-402081,2026-02-16,CC-009,400000,-40449.54,,OL-009
SAP-541754,,CC-002,430000,-38598.73,,OL-018
SAP-840702,2026-03-18,CC-010,400200,39737.24,,OL-047
SAP-906957,2026-01-15,CC-009,620000,7754.68,Extracto obra OL-012 - Factura,OL-043
SAP-526053,2026-02-01,CC-007,430100,92447.56,,OL-015
SAP-742351,2026-01-16,CC-008,620000,79360.9,Extracto obra OL-047 - Factura,OL-017
SAP-567998,2026-03-28,CC-006,610100,,Extracto obra OL-024 - Factura,OL-006
SAP-207161,2026-04-03,CC-002,410000,44653.8,Extracto obra OL-020 - Abono,OL-023
SAP-215002,2026-04-07,CC-004,400200,28753.47,Extracto obra OL-030 - Factura,OL-031
SAP-891265,2026-03-07,CC-006,610100,57913.15,Extracto obra OL-002 - Nota crédito,OL-005
SAP-398095,2026-03-21,CC-002,400000,27649.22,Extracto obra OL-012 - Factura,OL-037
SAP-816175,2026-02-23,CC-006,430000,65422.6,Extracto obra OL-050 - Nota crédito,OL-010
SAP-267619,,CC-005,430100,-23881.34,Extracto obra OL-026 - Factura,OL-050
SAP-183996,2026-03-03,CC-009,400200,44675.26,Extracto obra OL-009 - Nota crédito,OL-009
SAP-217941,2026-01-29,CC-007,410100,,Extracto obra OL-011 - Factura,OL-001
SAP-541706,2026-02-25,CC-010,410000,59017.89,Extracto obra OL-017 - Factura,
SAP-717138,2026-02-10,CC-009,430100,-34239.54,Extracto obra OL-049 - Factura,OL-016
SAP-998403,2026-03-05,CC-005,620000,,Extracto obra OL-005 - Abono,OL-030
SAP-718263,2026-03-04,CC-006,410100,13820.13,Extracto obra OL-044 - Abono,OL-001
SAP-785106,2026-01-26,CC-002,410100,24492.53,Extracto obra OL-006 - Nota crédito,OL-024
SAP-537361,2026-03-03,CC-001,400200,41065.27,Extracto obra OL-025 - Abono,OL-038
SAP-217851,2026-03-18,CC-004,400100,49129.62,Extracto obra OL-018 - Abono,OL-047
SAP-929598,2026-02-19,CC-002,400200,,Extracto obra OL-011 - Abono,OL-037
SAP-810532,2026-01-04,CC-010,610000,-32710.12,Extracto obra OL-041 - Factura,OL-042
SAP-484421,2026-02-08,CC-003,400200,-2463.96,Extracto obra OL-014 - Nota crédito,OL-030
SAP-776433,2026-01-12,CC-003,610000,-25126.39,Extracto obra OL-017 - Abono,OL-012
SAP-410110,2026-04-08,CC-004,610000,-15380.29,Extracto obra OL-003 - Nota crédito,OL-027
SAP-824579,2026-04-06,CC-002,620000,81934.69,Extracto obra OL-017 - Factura,OL-027
SAP-758507,2026-03-03,CC-009,410000,14842.83,Extracto obra OL-018 - Nota crédito,OL-018
SAP-214833,2026-02-23,CC-001,400000,38811.45,Extracto obra OL-042 - Nota crédito,OL-044
SAP-780485,2026-02-17,CC-010,400200,7100.69,Extracto obra OL-013 - Nota crédito,OL-043
SAP-645929,2026-03-09,CC-009,400200,26180.95,Extracto obra OL-040 - Abono,
SAP-894742,2026-04-08,CC-008,610100,-36479.36,Extracto obra OL-034 - Abono,OL-017
SAP-494596,2026-03-29,CC-003,610100,83119.47,Extracto obra OL-037 - Factura,OL-015
SAP-824252,2026-04-19,CC-007,400000,81715.52,Extracto obra OL-044 - Nota crédito,OL-019
SAP-797301,2026-01-24,CC-004,400000,-31010.11,Extracto obra OL-022 - Nota crédito,OL-002
SAP-951433,2026-03-27,CC-002,400100,,Extracto obra OL-027 - Abono,OL-050
SAP-508992,2026-02-05,CC-005,610000,-40195.33,Extracto obra OL-023 - Factura,OL-048
SAP-503775,,CC-006,400100,31078.99,Extracto obra OL-036 - Abono,OL-018
SAP-462039,2026-02-24,CC-006,400100,,Extracto obra OL-005 - Factura,OL-035
SAP-651739,2026-02-23,CC-002,430100,96045.98,Extracto obra OL-015 - Factura,OL-023
SAP-376711,2026-02-18,CC-007,610100,9680.26,Extracto obra OL-030 - Abono,OL-002
SAP-134673,2026-01-08,CC-005,430100,90419.02,Extracto obra OL-011 - Abono,OL-003
SAP-759618,2026-04-22,CC-005,610100,-28984.9,Extracto obra OL-049 - Factura,OL-046
SAP-771880,2026-04-07,CC-001,610100,-37818.59,Extracto obra OL-023 - Factura,OL-027
SAP-582832,2026-03-19,CC-001,430100,-8816.62,,
SAP-562580,2026-04-27,CC-006,400200,,Extracto obra OL-024 - Factura,OL-004
SAP-924809,2026-02-18,CC-004,410100,87990.47,,OL-024
SAP-352690,2026-01-19,CC-007,410100,51230.33,Extracto obra OL-003 - Abono,OL-025
SAP-831334,2026-02-26,CC-007,400000,,Extracto obra OL-031 - Factura,OL-037
SAP-776731,2026-04-07,CC-003,610100,845.97,Extracto obra OL-023 - Nota crédito,OL-050
SAP-341910,2026-01-23,CC-001,400200,,Extracto obra OL-019 - Nota crédito,OL-013
SAP-212706,2026-01-12,CC-009,430000,-44729.65,Extracto obra OL-001 - Factura,OL-017
SAP-528644,2026-03-01,CC-002,400100,21070.62,Extracto obra OL-022 - Abono,OL-030
SAP-631617,,CC-003,430100,19734.88,Extracto obra OL-028 - Abono,OL-027
SAP-327783,2026-04-05,CC-007,400000,71206.22,Extracto obra OL-019 - Abono,OL-032
SAP-931493,2026-03-27,CC-003,400200,92252.06,Extracto obra OL-050 - Abono,OL-036
SAP-355435,2026-04-02,CC-002,610100,3276.21,Extracto obra OL-027 - Factura,OL-040
SAP-463164,2026-03-11,CC-010,610000,-5727.11,Extracto obra OL-047 - Factura,OL-007
SAP-364743,2026-04-05,CC-009,400100,94643.8,Extracto obra OL-041 - Abono,OL-005
SAP-399946,2026-04-02,CC-004,610100,,Extracto obra OL-014 - Abono,OL-036
SAP-279664,2026-03-18,CC-007,410000,-17723.8,Extracto obra OL-046 - Abono,OL-049
SAP-184322,2026-04-15,CC-010,620000,-29143.74,Extracto obra OL-050 - Abono,OL-041
SAP-291399,2026-04-20,CC-003,410100,18108.42,Extracto obra OL-006 - Abono,OL-018
SAP-565145,2026-03-28,CC-002,610100,,Extracto obra OL-037 - Abono,OL-025
SAP-396633,2026-01-15,CC-001,430000,,Extracto obra OL-036 - Abono,OL-004
SAP-334074,2026-04-07,CC-010,610000,,Extracto obra OL-001 - Factura,OL-020
SAP-551574,2026-03-01,CC-002,620000,-42060.59,Extracto obra OL-006 - Abono,OL-017
SAP-274171,2026-04-18,CC-005,400100,-30610.12,Extracto obra OL-003 - Abono,OL-024
SAP-673426,2026-03-07,CC-001,410000,13326.4,Extracto obra OL-014 - Abono,OL-039
SAP-334119,2026-01-22,CC-001,430000,-28591.42,Extracto obra OL-013 - Abono,OL-001
SAP-640757,2026-03-27,CC-003,430100,61323.79,Extracto obra OL-014 - Nota crédito,OL-033
SAP-761885,2026-01-26,CC-001,410000,-14184.07,Extracto obra OL-004 - Nota crédito,OL-009
SAP-352121,2026-01-09,CC-009,400000,,Extracto obra OL-002 - Nota crédito,OL-047
SAP-329906,2026-04-25,CC-002,410000,17182.63,Extracto obra OL-015 - Factura,OL-035
SAP-951029,2026-02-12,CC-009,430100,41518.61,Extracto obra OL-016 - Factura,OL-034
SAP-128735,2026-02-27,CC-004,400000,62736.89,Extracto obra OL-042 - Nota crédito,OL-005
SAP-750779,2026-01-12,CC-009,400100,56937.27,Extracto obra OL-032 - Factura,OL-024
SAP-403175,2026-02-24,CC-010,410100,-21918.58,,OL-034
SAP-200356,2026-01-26,CC-002,410000,-38846.54,Extracto obra OL-005 - Factura,
SAP-740921,2026-01-29,CC-001,400100,-38111.59,Extracto obra OL-033 - Abono,OL-014
SAP-743366,2026-03-21,CC-004,620000,-19838.01,Extracto obra OL-008 - Abono,OL-002
SAP-682766,2026-03-05,CC-001,430100,,Extracto obra OL-037 - Abono,OL-035
SAP-994710,2026-02-28,CC-010,430100,53593.33,Extracto obra OL-027 - Nota crédito,OL-025
SAP-567598,2026-01-31,CC-001,610100,58996.8,Extracto obra OL-045 - Factura,OL-019
SAP-871206,2026-01-21,CC-008,410100,72193.32,Extracto obra OL-045 - Factura,OL-040
SAP-574118,2026-04-10,CC-006,400000,,Extracto obra OL-032 - Factura,OL-017
SAP-579558,2026-02-25,CC-006,430100,20313.27,Extracto obra OL-021 - Factura,OL-015
SAP-915301,2026-01-24,CC-005,410000,82043.72,Extracto obra OL-022 - Factura,OL-040
SAP-677992,2026-01-08,CC-009,430000,73659.36,Extracto obra OL-023 - Abono,OL-043
SAP-827919,2026-02-20,CC-004,400100,-27783.24,Extracto obra OL-027 - Factura,OL-006
SAP-287682,2026-01-17,CC-005,400000,-34768.67,Extracto obra OL-036 - Abono,OL-030
SAP-576000,2026-01-14,CC-005,430100,-22683.5,Extracto obra OL-009 - Nota crédito,OL-045
SAP-185964,2026-01-19,CC-003,610100,46846.74,Extracto obra OL-045 - Factura,OL-027
SAP-196915,,CC-001,610100,23363.88,Extracto obra OL-050 - Abono,OL-007
SAP-534656,2026-01-04,CC-006,400000,11161.77,Extracto obra OL-009 - Nota crédito,OL-015
SAP-657372,2026-03-27,CC-005,410100,-8143.36,Extracto obra OL-023 - Nota crédito,OL-008
SAP-754982,2026-03-26,CC-001,610000,-36245.52,Extracto obra OL-027 - Abono,OL-019
SAP-889042,2026-03-25,CC-007,430000,-3826.28,Extracto obra OL-020 - Factura,OL-028
SAP-626582,2026-04-09,CC-010,620000,53786.26,Extracto obra OL-016 - Abono,OL-015
SAP-873634,2026-03-04,CC-008,410100,-31407.79,Extracto obra OL-008 - Abono,OL-015
SAP-445831,2026-04-09,CC-003,410000,78088.51,Extracto obra OL-007 - Nota crédito,OL-043
SAP-679517,2026-02-21,CC-001,620000,1741.84,Extracto obra OL-016 - Factura,OL-037
SAP-712995,2026-01-14,CC-007,400100,10250.02,Extracto obra OL-049 - Nota crédito,OL-038
SAP-662322,2026-02-04,CC-004,410000,-46707.07,Extracto obra OL-021 - Factura,OL-014
SAP-433183,2026-02-11,CC-004,430100,91539.41,Extracto obra OL-009 - Nota crédito,OL-031
SAP-246866,2026-04-16,CC-005,400000,-46081.63,Extracto obra OL-018 - Abono,OL-034
SAP-332267,2026-02-03,CC-010,400000,-23153.67,Extracto obra OL-030 - Abono,OL-009
SAP-881102,2026-02-14,CC-004,430000,38606.65,Extracto obra OL-019 - Abono,
SAP-845901,2026-02-13,CC-005,400000,-12231.88,Extracto obra OL-043 - Factura,OL-018
SAP-122435,,CC-007,400000,49877.3,Extracto obra OL-039 - Abono,OL-009
SAP-194061,2026-03-01,CC-007,620000,-1996.11,Extracto obra OL-021 - Abono,OL-037
SAP-938476,,CC-007,410000,93194.72,Extracto obra OL-038 - Nota crédito,OL-021
SAP-198450,2026-02-15,CC-003,410100,-38336.01,Extracto obra OL-044 - Factura,OL-014
SAP-994620,2026-01-02,CC-003,400100,75910.92,Extracto obra OL-005 - Abono,OL-047
SAP-280983,2026-03-16,CC-008,400100,-41087.59,Extracto obra OL-001 - Nota crédito,OL-007
SAP-204813,2026-04-20,CC-003,400100,85173.54,Extracto obra OL-027 - Nota crédito,OL-031
SAP-504068,2026-02-04,CC-001,410100,49621.92,Extracto obra OL-034 - Nota crédito,OL-007
SAP-240921,2026-04-13,CC-001,620000,68327.51,Extracto obra OL-021 - Abono,OL-034
SAP-798343,2026-04-21,CC-008,410000,62508.33,Extracto obra OL-013 - Abono,OL-001
SAP-773019,2026-02-14,CC-010,400200,24507.98,Extracto obra OL-038 - Nota crédito,OL-048
SAP-361113,2026-02-18,CC-010,400000,58441.48,Extracto obra OL-030 - Nota crédito,OL-044
SAP-391647,2026-03-14,CC-007,430000,28829.09,Extracto obra OL-043 - Abono,OL-042
SAP-256521,2026-01-29,CC-001,430100,92547.92,Extracto obra OL-037 - Factura,OL-042
SAP-314602,2026-01-16,CC-001,430100,,Extracto obra OL-034 - Factura,OL-044
SAP-165516,2026-03-04,CC-005,610100,84019.36,Extracto obra OL-037 - Factura,OL-022
SAP-664973,2026-03-01,CC-010,400000,55001.69,Extracto obra OL-049 - Nota crédito,OL-023
SAP-175860,2026-03-30,CC-001,610100,61909.14,Extracto obra OL-024 - Factura,OL-019
SAP-414657,2026-02-10,CC-002,610100,26715.02,Extracto obra OL-025 - Factura,OL-045
SAP-370658,2026-02-28,CC-001,430100,-31920.51,Extracto obra OL-014 - Nota crédito,OL-005
SAP-272633,2026-01-11,CC-002,400000,-12992.93,Extracto obra OL-017 - Abono,OL-026
SAP-322037,2026-02-05,CC-007,620000,78390.55,Extracto obra OL-015 - Abono,OL-017
SAP-383803,2026-01-01,CC-010,430100,55682.71,Extracto obra OL-042 - Factura,OL-022
SAP-570693,2026-01-10,CC-008,610100,37892.11,Extracto obra OL-046 - Factura,
SAP-446127,2026-03-13,CC-004,400100,,Extracto obra OL-002 - Factura,OL-021
SAP-961150,2026-01-29,CC-004,610000,-32570.86,Extracto obra OL-018 - Abono,OL-044
SAP-989207,2026-03-03,CC-005,610000,22525.89,Extracto obra OL-026 - Nota crédito,OL-037
SAP-176374,2026-02-17,CC-008,610000,92048.29,Extracto obra OL-042 - Abono,OL-032
SAP-853907,2026-01-27,CC-006,430100,90895.3,Extracto obra OL-014 - Abono,OL-016
SAP-170473,2026-02-13,CC-007,610100,70790.67,Extracto obra OL-043 - Nota crédito,OL-046
SAP-235575,2026-01-26,CC-006,400000,38407.71,,OL-026
SAP-240009,,CC-010,400200,91418.46,Extracto obra OL-022 - Nota crédito,OL-006
SAP-798425,2026-02-27,CC-006,620000,-45846.48,Extracto obra OL-014 - Nota crédito,OL-046
SAP-593656,2026-02-19,CC-008,430000,-26523.63,Extracto obra OL-050 - Factura,OL-040
SAP-775181,2026-04-24,CC-003,430000,,Extracto obra OL-040 - Abono,OL-020
SAP-686540,2026-04-16,CC-003,400100,1502.26,Extracto obra OL-025 - Abono,OL-039
SAP-897256,2026-02-27,CC-004,400100,-11477.44,Extracto obra OL-012 - Abono,OL-011
SAP-614412,2026-01-17,CC-007,620000,26114.78,Extracto obra OL-046 - Abono,OL-005
SAP-988406,2026-01-15,CC-005,410000,78723.29,Extracto obra OL-028 - Nota crédito,OL-039
SAP-551640,2026-01-25,CC-010,610000,,,OL-043
SAP-715390,,CC-009,410000,62632.39,Extracto obra OL-028 - Abono,OL-009
SAP-927595,2026-01-26,CC-004,620000,32461.35,Extracto obra OL-029 - Factura,OL-023
SAP-359222,2026-01-17,CC-002,410100,63844.76,Extracto obra OL-042 - Factura,OL-006
SAP-771083,2026-01-04,CC-005,400200,74230.44,Extracto obra OL-005 - Abono,OL-025
SAP-836256,2026-04-08,CC-008,430100,74663.18,Extracto obra OL-017 - Abono,OL-022
SAP-947578,2026-01-27,CC-009,410000,78041.23,,OL-031
SAP-217533,2026-01-21,CC-006,610000,,Extracto obra OL-019 - Nota crédito,OL-014
SAP-195815,2026-02-20,CC-007,400200,26813.28,Extracto obra OL-046 - Nota crédito,OL-046
SAP-477251,2026-04-02,CC-003,620000,6525.43,Extracto obra OL-029 - Abono,OL-036
SAP-330525,2026-01-23,CC-001,610000,-17219.34,Extracto obra OL-028 - Abono,OL-021
SAP-367360,,CC-003,620000,73203.89,Extracto obra OL-016 - Factura,
SAP-413412,2026-04-07,CC-005,400000,,Extracto obra OL-020 - Nota crédito,OL-044
SAP-611837,2026-02-22,CC-007,610100,-41809.83,Extracto obra OL-011 - Abono,OL-002
SAP-722739,2026-03-10,CC-008,610100,74797.56,Extracto obra OL-049 - Abono,OL-014
SAP-736743,2026-01-09,CC-003,410000,99472.65,Extracto obra OL-042 - Nota crédito,OL-033
SAP-614562,2026-03-17,CC-005,410000,-17473.56,Extracto obra OL-012 - Abono,OL-046
SAP-387433,2026-04-13,CC-002,400100,-32202.28,Extracto obra OL-022 - Abono,OL-029
SAP-835381,2026-01-21,CC-005,410000,-33321.5,Extracto obra OL-007 - Nota crédito,OL-017
SAP-909683,2026-04-28,CC-003,430000,-39431.3,Extracto obra OL-002 - Nota crédito,OL-028
SAP-760587,2026-01-17,CC-010,400100,93700.1,Extracto obra OL-031 - Factura,OL-005
SAP-296146,2026-02-12,CC-002,610100,76620.02,Extracto obra OL-017 - Factura,OL-004
SAP-496656,2026-03-20,CC-002,400100,,Extracto obra OL-033 - Nota crédito,OL-047
SAP-924041,2026-01-02,CC-002,430000,74128.26,Extracto obra OL-018 - Abono,OL-016
SAP-483268,2026-02-04,CC-009,400000,40723.87,Extracto obra OL-030 - Factura,OL-034
SAP-769245,2026-04-28,CC-006,430100,10385.55,Extracto obra OL-037 - Factura,OL-003
SAP-691256,2026-02-18,CC-007,610100,84098.37,Extracto obra OL-021 - Nota crédito,OL-033
SAP-657866,2026-02-21,CC-003,430000,,Extracto obra OL-007 - Nota crédito,OL-029
SAP-828765,2026-04-06,CC-009,400000,-22065.44,,OL-013
SAP-635495,2026-01-30,CC-007,400200,76000.82,Extracto obra OL-002 - Factura,OL-004
SAP-668454,2026-01-15,CC-008,400200,24926.58,Extracto obra OL-024 - Factura,OL-006
SAP-645906,2026-04-05,CC-009,400200,,Extracto obra OL-048 - Abono,OL-036
SAP-945666,2026-02-18,CC-005,400100,80749.27,Extracto obra OL-020 - Factura,OL-041
SAP-359953,2026-02-03,CC-009,410100,-45429.37,Extracto obra OL-031 - Nota crédito,OL-029
SAP-927850,2026-01-30,CC-008,430100,81847.23,,OL-024
SAP-504805,2026-02-01,CC-008,410100,50912.49,Extracto obra OL-047 - Nota crédito,OL-035
SAP-525508,2026-03-23,CC-001,610000,29237.01,Extracto obra OL-037 - Factura,OL-006
SAP-818874,2026-01-21,CC-004,400200,,Extracto obra OL-034 - Abono,OL-007
SAP-491836,2026-01-21,CC-002,430100,,Extracto obra OL-006 - Abono,OL-029
SAP-791684,2026-04-11,CC-009,620000,24346.62,Extracto obra OL-014 - Factura,OL-044
SAP-767457,2026-01-11,CC-010,410100,-39660.09,Extracto obra OL-006 - Nota crédito,OL-020
SAP-135884,2026-04-18,CC-007,430000,-39549.82,Extracto obra OL-001 - Factura,OL-039
SAP-414492,2026-04-11,CC-009,620000,-40918.92,Extracto obra OL-006 - Factura,OL-011
SAP-400099,2026-03-23,CC-002,410100,63108.01,Extracto obra OL-025 - Factura,OL-010
SAP-192119,2026-04-12,CC-009,400000,37184.66,Extracto obra OL-032 - Factura,OL-049
SAP-772537,2026-01-26,CC-004,400100,83504.21,Extracto obra OL-024 - Nota crédito,OL-008
SAP-110625,2026-04-19,CC-001,620000,57372.59,Extracto obra OL-040 - Factura,OL-013
SAP-262700,2026-01-09,CC-005,430000,95621.28,Extracto obra OL-022 - Factura,OL-049
SAP-464550,2026-01-23,CC-006,610100,72764.82,Extracto obra OL-043 - Nota crédito,OL-017
SAP-177181,2026-02-11,CC-006,400000,-46738.11,Extracto obra OL-009 - Factura,OL-021
SAP-454820,2026-04-28,CC-006,610000,-5865.98,Extracto obra OL-040 - Nota crédito,OL-041
SAP-235271,,CC-001,610100,-46304.61,Extracto obra OL-014 - Abono,OL-007
SAP-392740,2026-03-24,CC-009,400100,20076.01,,
SAP-123384,2026-02-15,CC-007,610100,5729.24,Extracto obra OL-040 - Nota crédito,OL-003
SAP-385966,2026-01-21,CC-005,400100,93967.66,Extracto obra OL-019 - Abono,OL-010
SAP-856107,2026-01-16,CC-003,400000,-11810.81,Extracto obra OL-013 - Factura,OL-046
SAP-248104,2026-01-25,CC-004,610000,68721.82,Extracto obra OL-020 - Factura,OL-036
SAP-180410,2026-03-15,CC-008,430100,,Extracto obra OL-036 - Nota crédito,OL-001
SAP-528522,2026-03-18,CC-004,620000,25676.17,Extracto obra OL-033 - Nota crédito,OL-037
SAP-916223,2026-03-06,CC-009,610000,10791.58,Extracto obra OL-003 - Factura,OL-025
SAP-192415,2026-01-20,CC-009,610100,53527.27,Extracto obra OL-016 - Abono,OL-004
SAP-482118,2026-03-22,CC-009,610000,-45029.68,Extracto obra OL-044 - Abono,OL-012
SAP-729702,2026-03-20,CC-010,610100,12681.92,Extracto obra OL-023 - Abono,
SAP-358886,2026-01-23,CC-003,620000,-48147.97,Extracto obra OL-011 - Factura,OL-028
SAP-674124,2026-04-21,CC-008,620000,4779.69,Extracto obra OL-018 - Nota crédito,OL-009
SAP-523174,2026-02-13,CC-008,620000,-27491.72,Extracto obra OL-043 - Abono,
SAP-548273,2026-04-05,CC-009,430000,65217.04,Extracto obra OL-023 - Nota crédito,OL-033
SAP-151244,2026-04-07,CC-009,610000,41952.06,Extracto obra OL-039 - Nota crédito,OL-007
SAP-193609,2026-02-09,CC-001,410100,-25184.67,Extracto obra OL-002 - Abono,OL-041
SAP-311841,2026-04-11,CC-005,400100,-19428.59,Extracto obra OL-045 - Nota crédito,OL-015
SAP-767363,2026-03-27,CC-005,620000,-44657.05,Extracto obra OL-017 - Factura,OL-040
SAP-542082,,CC-001,400000,91718.59,Extracto obra OL-039 - Abono,OL-007
SAP-835373,2026-04-22,CC-003,400100,-10890.82,Extracto obra OL-047 - Abono,OL-016
SAP-632799,2026-04-15,CC-004,410000,-10829.14,Extracto obra OL-030 - Factura,OL-049
SAP-197430,2026-02-09,CC-004,430100,9924.85,Extracto obra OL-034 - Nota crédito,OL-039
SAP-580284,2026-03-19,CC-001,620000,,Extracto obra OL-027 - Abono,OL-009
SAP-590964,2026-01-25,CC-010,410000,-33303.96,Extracto obra OL-040 - Nota crédito,OL-007
SAP-861562,2026-02-07,CC-006,410100,49452.71,Extracto obra OL-021 - Abono,OL-048
SAP-570697,2026-04-22,CC-007,400100,-42636.57,Extracto obra OL-031 - Nota crédito,OL-035
SAP-831111,2026-04-15,CC-010,620000,8217.07,Extracto obra OL-046 - Factura,OL-040
SAP-515307,2026-03-11,CC-010,620000,95982.08,Extracto obra OL-031 - Nota crédito,OL-044
SAP-761801,2026-01-11,CC-002,620000,15445.21,Extracto obra OL-018 - Abono,OL-033
SAP-215127,2026-03-29,CC-004,610000,67682.38,Extracto obra OL-027 - Nota crédito,OL-012
SAP-478872,,CC-009,430100,,Extracto obra OL-020 - Factura,OL-027
SAP-365062,2026-01-07,CC-009,400000,76739.54,Extracto obra OL-004 - Abono,OL-034
SAP-998521,2026-03-09,CC-007,610100,-31766.52,Extracto obra OL-024 - Factura,OL-008
SAP-278469,2026-04-12,CC-002,400200,89880.73,,OL-028
SAP-690580,2026-04-07,CC-010,400100,-47645.27,Extracto obra OL-019 - Nota crédito,OL-014
SAP-991453,2026-04-07,CC-006,400200,-14456.86,Extracto obra OL-014 - Factura,OL-028
SAP-780848,2026-03-11,CC-007,430000,,Extracto obra OL-029 - Nota crédito,OL-028
SAP-558702,2026-02-28,CC-004,400000,71325.23,,OL-010
SAP-906430,2026-02-28,CC-009,610000,-26995.88,Extracto obra OL-031 - Abono,OL-037
SAP-549698,2026-03-03,CC-009,400100,2208.66,Extracto obra OL-024 - Nota crédito,OL-025
SAP-762428,2026-02-22,CC-004,400000,,,OL-008
SAP-550541,2026-03-21,CC-006,610100,79521.73,Extracto obra OL-018 - Nota crédito,OL-042
SAP-516614,2026-04-13,CC-005,400100,17538.46,Extracto obra OL-008 - Nota crédito,OL-007
SAP-642815,2026-02-16,CC-009,430100,-12791.77,Extracto obra OL-013 - Nota crédito,OL-028
SAP-284265,2026-04-11,CC-010,400000,-6443.03,Extracto obra OL-001 - Factura,OL-033
SAP-886313,2026-03-30,CC-007,400200,-41756.37,Extracto obra OL-028 - Abono,OL-020
SAP-570617,2026-02-21,CC-001,400100,-42705.02,Extracto obra OL-012 - Nota crédito,OL-028
SAP-861234,2026-02-16,CC-010,410100,53724.72,Extracto obra OL-001 - Factura,OL-020
SAP-669098,,CC-009,610000,29708.46,Extracto obra OL-006 - Factura,
SAP-554348,2026-04-25,CC-004,410000,82177.78,Extracto obra OL-001 - Nota crédito,OL-013
SAP-109106,2026-01-05,CC-008,400000,2211.21,Extracto obra OL-034 - Abono,OL-028
SAP-259184,2026-03-24,CC-005,610100,,Extracto obra OL-035 - Factura,OL-019
SAP-337008,2026-04-28,CC-005,400000,78849.42,Extracto obra OL-045 - Nota crédito,OL-030
SAP-587389,2026-03-04,CC-005,400200,-47905.55,Extracto obra OL-027 - Nota crédito,OL-025
SAP-907023,2026-03-29,CC-004,400000,55080.8,Extracto obra OL-034 - Abono,OL-001
SAP-842138,2026-03-29,CC-005,400000,90227.63,Extracto obra OL-034 - Factura,OL-005
SAP-773844,2026-03-18,CC-010,410100,6525.41,Extracto obra OL-048 - Nota crédito,OL-041
SAP-739562,2026-04-07,CC-004,400000,,Extracto obra OL-017 - Abono,OL-036
SAP-666228,2026-04-27,CC-007,620000,79613.12,Extracto obra OL-049 - Factura,
SAP-127015,2026-01-09,CC-004,430000,-39986.23,Extracto obra OL-030 - Abono,OL-040
SAP-998874,2026-03-17,CC-003,410100,,,OL-037
SAP-121173,2026-01-19,CC-004,430000,59906.58,Extracto obra OL-011 - Nota crédito,OL-022
SAP-498360,2026-03-19,CC-003,410100,-13456.63,Extracto obra OL-038 - Abono,OL-036
SAP-259806,2026-04-28,CC-009,410000,42755.12,Extracto obra OL-003 - Factura,OL-004
SAP-404044,2026-03-01,CC-007,620000,-18996.41,Extracto obra OL-036 - Factura,OL-032
SAP-767231,2026-02-17,CC-001,610100,50883.1,Extracto obra OL-011 - Abono,OL-045
SAP-356244,2026-04-02,CC-001,400200,-43909.2,Extracto obra OL-020 - Abono,OL-028
SAP-588263,2026-03-09,CC-007,430100,-643.37,Extracto obra OL-035 - Nota crédito,OL-005
SAP-641460,2026-01-19,CC-009,610000,51453.62,Extracto obra OL-020 - Nota crédito,OL-029
SAP-680767,2026-02-21,CC-005,400200,73765.32,Extracto obra OL-014 - Nota crédito,OL-044
SAP-944080,2026-04-10,CC-010,400000,70969.42,Extracto obra OL-041 - Abono,OL-022
SAP-683170,2026-02-10,CC-005,430000,46975.9,Extracto obra OL-034 - Nota crédito,OL-038
SAP-869306,2026-03-02,CC-009,400100,29666.02,Extracto obra OL-047 - Nota crédito,OL-029
SAP-181805,2026-01-13,CC-005,410000,17556.95,Extracto obra OL-008 - Factura,OL-029
SAP-278452,2026-03-05,CC-001,410100,-38039.8,Extracto obra OL-027 - Nota crédito,OL-038
SAP-466499,2026-02-19,CC-009,410000,-47431.74,Extracto obra OL-018 - Factura,
SAP-857887,2026-04-03,CC-006,430100,-88.75,Extracto obra OL-024 - Factura,OL-045
SAP-212583,2026-03-30,CC-009,430000,-47370.84,Extracto obra OL-008 - Nota crédito,OL-028
SAP-674153,2026-01-18,CC-009,430100,,Extracto obra OL-018 - Factura,OL-040
SAP-134732,2026-04-18,CC-003,400200,,Extracto obra OL-016 - Nota crédito,OL-026
SAP-458021,2026-02-06,CC-006,620000,-965.35,Extracto obra OL-040 - Abono,OL-008
SAP-538720,2026-01-06,CC-009,410000,35249.93,Extracto obra OL-009 - Abono,OL-036
SAP-220055,2026-02-24,CC-009,620000,12762.35,Extracto obra OL-004 - Abono,OL-017
SAP-245879,2026-01-12,CC-003,610000,61800.33,Extracto obra OL-022 - Factura,OL-028
SAP-840671,2026-02-03,CC-001,410100,96186.42,Extracto obra OL-005 - Abono,OL-046
SAP-983592,2026-01-25,CC-008,410100,-38684.85,Extracto obra OL-013 - Abono,OL-025
SAP-201628,2026-02-12,CC-010,610100,27661.0,Extracto obra OL-048 - Abono,OL-028
SAP-243005,2026-02-20,CC-004,400100,-21933.94,Extracto obra OL-016 - Factura,OL-045
SAP-180569,2026-04-10,CC-003,610100,-24054.37,Extracto obra OL-036 - Factura,OL-050
SAP-300724,2026-04-27,CC-007,610100,88125.48,Extracto obra OL-042 - Factura,OL-031
SAP-418466,2026-02-16,CC-004,400100,-25224.97,Extracto obra OL-015 - Factura,OL-010
SAP-728067,2026-03-29,CC-003,430000,26641.18,Extracto obra OL-027 - Nota crédito,OL-017
SAP-705313,2026-02-16,CC-007,430000,-40940.4,Extracto obra OL-023 - Nota crédito,OL-005
SAP-297693,2026-04-03,CC-006,400100,,Extracto obra OL-001 - Factura,OL-021
SAP-717517,,CC-004,610100,4175.57,Extracto obra OL-040 - Factura,OL-039
SAP-319495,2026-03-13,CC-009,400000,82620.88,Extracto obra OL-010 - Abono,OL-029
SAP-265419,2026-02-03,CC-008,620000,73677.27,Extracto obra OL-029 - Nota crédito,OL-042
SAP-682188,2026-03-27,CC-010,430100,92079.06,Extracto obra OL-048 - Nota crédito,OL-038
SAP-630292,2026-02-08,CC-003,410100,,Extracto obra OL-030 - Abono,OL-011
SAP-220001,2026-01-22,CC-005,400200,-22699.51,Extracto obra OL-011 - Abono,OL-026
SAP-503582,2026-01-09,CC-005,400100,42624.04,Extracto obra OL-021 - Nota crédito,OL-009
SAP-450491,2026-04-14,CC-010,610100,50497.05,Extracto obra OL-010 - Factura,OL-023
SAP-114545,2026-04-25,CC-009,610100,67196.15,Extracto obra OL-034 - Abono,OL-037
SAP-672076,2026-03-25,CC-006,620000,-25089.04,Extracto obra OL-022 - Factura,OL-021
SAP-709471,2026-02-08,CC-007,620000,-20813.4,Extracto obra OL-010 - Factura,OL-044
SAP-300052,2026-01-04,CC-009,430100,-23983.9,Extracto obra OL-047 - Factura,
SAP-518007,2026-01-24,CC-008,410000,,Extracto obra OL-014 - Nota crédito,OL-037
SAP-469964,2026-01-06,CC-005,400100,-6851.58,Extracto obra OL-050 - Factura,OL-017
SAP-337984,2026-02-28,CC-007,430000,19763.37,Extracto obra OL-024 - Factura,OL-017
SAP-304431,2026-04-21,CC-004,400000,76261.24,Extracto obra OL-048 - Factura,OL-036
SAP-140977,2026-04-27,CC-010,400200,,Extracto obra OL-035 - Abono,
SAP-618339,2026-01-05,CC-002,400000,96271.42,Extracto obra OL-045 - Factura,OL-025
SAP-578883,2026-04-24,CC-010,410100,,Extracto obra OL-015 - Nota crédito,OL-006
SAP-419145,2026-01-02,CC-009,400200,91097.35,Extracto obra OL-045 - Abono,OL-008
SAP-972413,2026-01-18,CC-009,400000,-31251.91,Extracto obra OL-005 - Factura,OL-005
SAP-967574,2026-01-27,CC-003,410000,-42132.73,Extracto obra OL-003 - Nota crédito,OL-014
SAP-155454,2026-01-10,CC-003,430000,-48014.06,Extracto obra OL-003 - Nota crédito,OL-019
SAP-651147,2026-03-31,CC-002,620000,28106.87,Extracto obra OL-042 - Factura,OL-046
SAP-909596,2026-04-04,CC-008,610100,29536.25,Extracto obra OL-036 - Abono,OL-022
SAP-374098,2026-04-23,CC-002,610000,67533.05,Extracto obra OL-046 - Nota crédito,OL-045
SAP-218046,2026-01-18,CC-005,430100,33121.73,Extracto obra OL-039 - Factura,OL-010
SAP-824064,2026-03-17,CC-008,410000,98113.16,Extracto obra OL-043 - Nota crédito,OL-038
SAP-910157,2026-01-23,CC-004,410000,-19428.6,Extracto obra OL-044 - Abono,OL-002
SAP-811303,2026-02-02,CC-003,430100,47277.34,Extracto obra OL-042 - Factura,
SAP-397214,2026-02-18,CC-007,400100,-33185.38,Extracto obra OL-003 - Abono,OL-031
SAP-771293,2026-01-17,CC-004,400000,,Extracto obra OL-008 - Abono,OL-033
SAP-569759,2026-04-10,CC-004,400000,43932.46,Extracto obra OL-020 - Nota crédito,OL-014
SAP-475740,2026-04-28,CC-002,410000,-21549.25,,OL-040
SAP-285053,2026-01-10,CC-001,410000,20615.7,,OL-029
SAP-751087,2026-04-05,CC-007,410100,96501.65,Extracto obra OL-035 - Nota crédito,OL-033
SAP-329710,2026-04-22,CC-003,410100,34186.61,Extracto obra OL-028 - Factura,OL-048
SAP-387565,2026-01-10,CC-001,430000,54213.06,Extracto obra OL-003 - Nota crédito,OL-032
SAP-119532,2026-01-17,CC-002,430100,-17445.11,Extracto obra OL-004 - Nota crédito,OL-038
SAP-619368,2026-02-24,CC-007,610100,-40188.68,Extracto obra OL-032 - Abono,OL-020
SAP-453885,2026-01-09,CC-006,430100,-29755.81,Extracto obra OL-031 - Factura,OL-011
SAP-676150,2026-04-13,CC-007,610000,3833.7,Extracto obra OL-011 - Abono,OL-033
SAP-807677,2026-03-03,CC-002,610000,-9802.56,Extracto obra OL-038 - Nota crédito,OL-044
SAP-425688,2026-01-05,CC-009,400000,57236.28,Extracto obra OL-012 - Abono,OL-050
SAP-723639,2026-02-01,CC-001,620000,44857.02,Extracto obra OL-011 - Nota crédito,OL-002
SAP-793476,2026-03-02,CC-008,410000,40976.02,Extracto obra OL-006 - Factura,OL-045
SAP-361073,2026-02-20,CC-001,400100,47490.15,Extracto obra OL-046 - Abono,OL-040
SAP-931843,2026-03-08,CC-006,400000,53969.83,Extracto obra OL-045 - Nota crédito,OL-030
SAP-230917,2026-02-16,CC-003,400000,17858.18,Extracto obra OL-032 - Factura,OL-022
SAP-544249,2026-02-18,CC-001,430000,-24864.14,Extracto obra OL-008 - Factura,OL-002
SAP-417268,2026-04-21,CC-002,410100,-47825.47,Extracto obra OL-019 - Nota crédito,OL-008
SAP-901796,2026-02-18,CC-004,610000,,Extracto obra OL-021 - Nota crédito,OL-025
SAP-987292,2026-01-20,CC-005,430100,,Extracto obra OL-041 - Factura,OL-009
SAP-818767,,CC-003,620000,72076.97,Extracto obra OL-015 - Factura,OL-028
SAP-988908,2026-02-15,CC-001,430100,-17036.09,Extracto obra OL-046 - Nota crédito,OL-001
SAP-133120,2026-02-08,CC-009,400000,-7022.43,Extracto obra OL-037 - Nota crédito,OL-002
SAP-982950,2026-02-19,CC-010,410000,84876.95,Extracto obra OL-027 - Factura,OL-002
SAP-394035,2026-02-19,CC-001,410000,30050.47,Extracto obra OL-046 - Factura,OL-002
SAP-581994,2026-02-07,CC-001,410000,82758.93,Extracto obra OL-050 - Nota crédito,OL-020
SAP-789274,2026-01-10,CC-007,620000,630.9,Extracto obra OL-016 - Factura,OL-032
SAP-276430,2026-01-10,CC-004,610000,,Extracto obra OL-002 - Factura,OL-019
SAP-947478,2026-02-12,CC-005,610000,25214.67,Extracto obra OL-049 - Factura,OL-048
SAP-277393,2026-02-22,CC-008,610100,-41179.07,Extracto obra OL-005 - Abono,OL-007
SAP-299470,2026-02-01,CC-004,400200,49478.71,Extracto obra OL-009 - Abono,OL-011
SAP-187107,2026-03-19,CC-009,430000,32641.91,Extracto obra OL-022 - Nota crédito,OL-034
SAP-470062,2026-03-03,CC-005,610100,73150.22,Extracto obra OL-024 - Abono,OL-008
SAP-153867,2026-03-01,CC-007,610000,86522.56,Extracto obra OL-014 - Nota crédito,OL-036
SAP-718323,2026-04-22,CC-006,610100,40653.96,Extracto obra OL-004 - Factura,OL-045
SAP-794995,2026-01-10,CC-004,610000,,Extracto obra OL-039 - Nota crédito,OL-033
SAP-337769,2026-03-11,CC-005,400100,26362.96,Extracto obra OL-012 - Nota crédito,OL-003
SAP-271454,2026-02-11,CC-005,400200,-29814.47,Extracto obra OL-017 - Abono,OL-027
SAP-495649,2026-02-03,CC-010,620000,25339.15,Extracto obra OL-006 - Factura,OL-040
SAP-860884,2026-04-15,CC-001,610000,30836.54,Extracto obra OL-020 - Abono,OL-035
SAP-245203,2026-02-09,CC-010,400100,,Extracto obra OL-005 - Abono,OL-036
SAP-267194,2026-03-17,CC-007,430000,-17893.74,Extracto obra OL-023 - Abono,OL-047
SAP-952972,2026-03-01,CC-008,430100,85307.81,Extracto obra OL-027 - Factura,OL-046
SAP-620487,,CC-003,400100,71559.11,Extracto obra OL-024 - Abono,OL-044
SAP-431381,,CC-006,610000,-12724.32,Extracto obra OL-019 - Abono,OL-004
SAP-622608,2026-01-06,CC-006,430000,-38041.65,Extracto obra OL-037 - Factura,OL-034
SAP-598515,2026-03-08,CC-010,400000,,Extracto obra OL-037 - Factura,OL-020
SAP-710836,2026-02-01,CC-006,610000,27075.27,Extracto obra OL-014 - Factura,OL-012
SAP-691643,2026-01-28,CC-004,400000,-34795.65,Extracto obra OL-023 - Abono,OL-011
SAP-757604,2026-04-05,CC-007,620000,,Extracto obra OL-039 - Abono,OL-014
SAP-155834,2026-03-27,CC-010,400200,,Extracto obra OL-012 - Abono,OL-003
SAP-122892,2026-02-28,CC-009,410000,20324.04,Extracto obra OL-004 - Factura,OL-043
SAP-874816,2026-01-11,CC-004,620000,92420.32,Extracto obra OL-037 - Abono,OL-016
SAP-187144,2026-04-23,CC-009,430000,85615.88,Extracto obra OL-044 - Nota crédito,
SAP-907423,2026-01-25,CC-008,430100,-41410.25,Extracto obra OL-007 - Factura,OL-004
SAP-801973,2026-04-09,CC-001,400100,17018.79,Extracto obra OL-027 - Abono,OL-043
SAP-146791,2026-01-31,CC-010,430000,-368.66,Extracto obra OL-047 - Abono,OL-024
SAP-302991,2026-01-23,CC-001,400000,-45897.35,Extracto obra OL-008 - Factura,OL-029
SAP-916421,2026-03-27,CC-002,430100,-18477.98,Extracto obra OL-047 - Abono,
SAP-405673,2026-03-16,CC-008,610100,,Extracto obra OL-019 - Abono,OL-027
SAP-508003,2026-01-13,CC-004,400000,-9142.6,Extracto obra OL-036 - Nota crédito,OL-005
SAP-494959,2026-04-08,CC-003,430000,93886.47,Extracto obra OL-009 - Nota crédito,OL-015
SAP-546750,2026-04-10,CC-008,410100,21935.55,Extracto obra OL-036 - Abono,OL-006
SAP-123372,2026-03-26,CC-003,400100,,Extracto obra OL-034 - Factura,OL-008
SAP-433854,2026-02-12,CC-009,610000,-25125.27,Extracto obra OL-016 - Nota crédito,OL-032
SAP-713757,2026-01-04,CC-007,400000,74927.05,Extracto obra OL-030 - Nota crédito,OL-045
SAP-100046,2026-01-01,CC-001,410100,74968.58,Extracto obra OL-046 - Factura,
SAP-565859,2026-02-23,CC-001,610000,,Extracto obra OL-017 - Factura,OL-050
SAP-841563,2026-03-15,CC-007,410000,-31623.18,Extracto obra OL-008 - Nota crédito,OL-015
SAP-267582,2026-02-01,CC-008,410100,52840.75,Extracto obra OL-036 - Factura,OL-006
SAP-354122,2026-04-27,CC-004,610100,,Extracto obra OL-038 - Nota crédito,OL-043
SAP-863841,2026-03-28,CC-009,410100,,Extracto obra OL-040 - Factura,OL-029
SAP-571377,2026-01-29,CC-002,430000,-12175.87,Extracto obra OL-011 - Nota crédito,OL-026
SAP-451636,2026-04-15,CC-005,400000,66198.13,Extracto obra OL-035 - Abono,OL-036
SAP-254169,2026-04-13,CC-004,400100,96473.04,Extracto obra OL-046 - Abono,OL-011
SAP-894992,2026-01-31,CC-006,430100,-32354.7,Extracto obra OL-016 - Factura,OL-047
SAP-333311,2026-04-25,CC-004,610000,-14001.57,Extracto obra OL-003 - Nota crédito,OL-009
SAP-806958,2026-02-09,CC-004,410000,22791.6,Extracto obra OL-013 - Abono,
SAP-190876,2026-03-31,CC-008,410100,74601.08,Extracto obra OL-006 - Abono,OL-010
SAP-911919,2026-01-15,CC-008,620000,,Extracto obra OL-050 - Factura,
SAP-625344,2026-04-19,CC-006,410100,94435.05,Extracto obra OL-024 - Factura,OL-008
SAP-819119,2026-01-25,CC-005,610100,81582.37,Extracto obra OL-004 - Nota crédito,OL-050
SAP-970994,2026-02-24,CC-001,430100,23978.74,Extracto obra OL-019 - Abono,OL-022
SAP-424430,2026-03-15,CC-002,400000,56582.05,Extracto obra OL-009 - Abono,OL-004
SAP-964035,2026-02-21,CC-001,410100,,Extracto obra OL-004 - Factura,OL-037
SAP-973720,,CC-009,400000,92222.9,Extracto obra OL-029 - Abono,OL-041
SAP-456132,,CC-007,430100,18505.33,Extracto obra OL-003 - Nota crédito,OL-020
SAP-698847,2026-04-15,CC-009,410000,,Extracto obra OL-044 - Factura,OL-020
SAP-157764,2026-04-24,CC-009,430000,-43394.23,Extracto obra OL-050 - Nota crédito,OL-018
SAP-582936,2026-04-15,CC-007,400000,87399.44,Extracto obra OL-050 - Factura,OL-027
SAP-283148,2026-04-04,CC-008,610100,44317.81,Extracto obra OL-040 - Nota crédito,OL-014
SAP-150343,2026-02-15,CC-005,410100,,Extracto obra OL-045 - Factura,OL-016
SAP-366465,2026-02-05,CC-006,400000,26026.58,Extracto obra OL-046 - Abono,OL-007
SAP-992340,2026-04-03,CC-010,610000,-13952.38,Extracto obra OL-025 - Factura,OL-032
SAP-415861,,CC-008,410000,86427.43,Extracto obra OL-009 - Abono,OL-049
SAP-423601,2026-02-03,CC-005,610000,,Extracto obra OL-019 - Factura,OL-019
SAP-802054,2026-01-14,CC-005,400000,14171.56,Extracto obra OL-050 - Abono,OL-036
SAP-889874,2026-04-05,CC-003,610000,85055.1,Extracto obra OL-046 - Factura,OL-015
SAP-968485,2026-04-23,CC-005,400100,7488.62,Extracto obra OL-011 - Abono,OL-021
SAP-385304,2026-02-17,CC-003,610000,58974.93,Extracto obra OL-001 - Abono,OL-008
SAP-232373,2026-01-23,CC-004,430100,20997.04,,OL-012
SAP-762226,2026-01-26,CC-008,620000,50835.7,Extracto obra OL-046 - Abono,OL-010
SAP-254413,2026-02-07,CC-004,400000,29.7,Extracto obra OL-004 - Factura,OL-002
SAP-830739,2026-01-26,CC-010,400000,63328.93,Extracto obra OL-007 - Nota crédito,OL-046
SAP-210551,2026-02-27,CC-005,400000,62064.46,Extracto obra OL-032 - Abono,OL-013
SAP-533674,2026-04-23,CC-003,410000,3313.76,Extracto obra OL-002 - Abono,OL-032
SAP-161680,2026-02-01,CC-008,410000,66378.78,Extracto obra OL-041 - Nota crédito,OL-023
SAP-756249,2026-02-12,CC-010,410000,54560.55,Extracto obra OL-022 - Nota crédito,OL-034
SAP-150154,2026-03-11,CC-005,430100,40475.38,Extracto obra OL-030 - Factura,OL-006
SAP-911665,,CC-005,430000,75340.14,Extracto obra OL-015 - Nota crédito,
SAP-168646,2026-02-24,CC-007,400000,37213.63,Extracto obra OL-033 - Abono,OL-043
SAP-414822,2026-02-12,CC-003,610000,-27599.08,Extracto obra OL-008 - Abono,OL-029
SAP-333975,2026-02-12,CC-003,430000,82131.06,Extracto obra OL-035 - Nota crédito,OL-028
SAP-750004,2026-04-22,CC-001,610100,46531.27,Extracto obra OL-006 - Factura,OL-031
SAP-589219,2026-03-25,CC-007,430000,23758.14,Extracto obra OL-014 - Factura,OL-028
SAP-559429,2026-01-23,CC-003,610100,-33820.59,Extracto obra OL-041 - Nota crédito,OL-018
SAP-667229,2026-01-29,CC-001,400200,-17727.08,Extracto obra OL-001 - Nota crédito,OL-031
SAP-569782,2026-02-08,CC-002,610100,55380.97,Extracto obra OL-025 - Factura,OL-011
SAP-894439,2026-02-21,CC-005,610100,27492.54,Extracto obra OL-032 - Nota crédito,OL-028
SAP-366647,2026-01-20,CC-010,400200,58001.41,Extracto obra OL-019 - Abono,OL-048
SAP-308512,2026-02-09,CC-005,430100,27533.59,Extracto obra OL-007 - Abono,OL-029
SAP-197347,2026-01-25,CC-006,410000,56573.58,Extracto obra OL-038 - Factura,OL-002
SAP-226793,2026-04-15,CC-007,610000,-26006.61,Extracto obra OL-027 - Abono,OL-022
SAP-168153,,CC-009,410000,54574.57,Extracto obra OL-024 - Abono,OL-007
SAP-755532,2026-01-25,CC-006,410000,5697.28,Extracto obra OL-003 - Abono,OL-046
SAP-629942,2026-03-25,CC-006,620000,49806.81,Extracto obra OL-022 - Nota crédito,
SAP-341397,2026-04-26,CC-003,610100,-49865.02,Extracto obra OL-036 - Nota crédito,OL-037
SAP-392103,2026-01-23,CC-010,410100,44561.71,Extracto obra OL-041 - Abono,OL-037
SAP-909171,2026-02-02,CC-007,610000,77411.71,Extracto obra OL-034 - Abono,OL-027
SAP-903691,2026-02-12,CC-010,400100,78360.56,Extracto obra OL-032 - Nota crédito,OL-042
SAP-134828,2026-01-05,CC-009,400200,34923.99,Extracto obra OL-027 - Nota crédito,OL-010
SAP-106191,2026-01-30,CC-003,610100,22600.0,Extracto obra OL-015 - Abono,OL-049
SAP-319062,2026-03-09,CC-006,400200,32095.9,Extracto obra OL-003 - Nota crédito,OL-043
SAP-849561,2026-03-02,CC-005,400200,-30344.97,Extracto obra OL-047 - Nota crédito,OL-004
SAP-882695,2026-01-02,CC-008,400200,,Extracto obra OL-033 - Nota crédito,OL-023
SAP-287265,2026-01-01,CC-010,430100,-8658.03,Extracto obra OL-033 - Abono,OL-015
SAP-619530,2026-03-27,CC-007,400100,7644.09,Extracto obra OL-001 - Abono,OL-046
SAP-154179,2026-04-02,CC-001,410100,79809.65,Extracto obra OL-010 - Abono,OL-041
SAP-711702,2026-02-09,CC-008,400000,-7071.81,Extracto obra OL-013 - Abono,OL-011
SAP-155445,2026-01-03,CC-006,400100,35954.83,Extracto obra OL-009 - Factura,OL-002
SAP-327563,2026-03-06,CC-002,400000,71725.02,Extracto obra OL-020 - Abono,OL-020
SAP-788538,2026-02-26,CC-003,400200,79057.73,Extracto obra OL-043 - Factura,OL-040
SAP-363226,2026-01-20,CC-009,620000,10974.69,Extracto obra OL-013 - Nota crédito,OL-031
SAP-309468,2026-03-07,CC-008,410000,97364.49,Extracto obra OL-038 - Factura,OL-030
SAP-429898,2026-03-17,CC-004,400200,-47995.74,Extracto obra OL-025 - Nota crédito,OL-010
SAP-501131,2026-03-22,CC-005,430000,85169.11,Extracto obra OL-035 - Nota crédito,OL-041
SAP-893124,2026-01-28,CC-003,400100,,Extracto obra OL-037 - Abono,OL-016
SAP-770226,2026-04-12,CC-008,410100,54489.3,Extracto obra OL-050 - Nota crédito,OL-017
SAP-229708,2026-01-10,CC-002,400200,-40102.81,Extracto obra OL-016 - Factura,OL-048
SAP-727514,2026-04-20,CC-006,430100,-24128.3,Extracto obra OL-033 - Factura,OL-017
SAP-662195,2026-02-07,CC-005,400100,40683.54,Extracto obra OL-023 - Nota crédito,OL-016
SAP-786228,2026-01-11,CC-006,610100,87815.21,Extracto obra OL-047 - Abono,OL-033
SAP-838493,,CC-003,610000,7915.91,,OL-013
SAP-958241,2026-01-10,CC-005,610000,60626.65,Extracto obra OL-022 - Nota crédito,OL-036
SAP-768407,2026-04-12,CC-001,610000,-19777.2,Extracto obra OL-025 - Nota crédito,OL-001
SAP-173239,2026-02-07,CC-005,610100,-13268.32,Extracto obra OL-038 - Abono,OL-017
SAP-967105,2026-03-29,CC-008,400100,,Extracto obra OL-015 - Factura,OL-029
SAP-615313,2026-02-01,CC-006,610000,,Extracto obra OL-045 - Factura,OL-025
SAP-497420,2026-01-31,CC-004,430100,91832.83,Extracto obra OL-008 - Factura,OL-002
SAP-210513,2026-03-09,CC-001,410000,69334.74,Extracto obra OL-010 - Nota crédito,OL-034
SAP-845156,2026-01-04,CC-008,430000,,Extracto obra OL-022 - Factura,OL-015
SAP-604488,2026-04-10,CC-009,430100,-14610.51,Extracto obra OL-021 - Factura,
SAP-661454,2026-04-19,CC-010,410000,14215.76,Extracto obra OL-047 - Nota crédito,OL-014
SAP-922775,2026-01-31,CC-010,430000,62923.56,Extracto obra OL-035 - Nota crédito,OL-040
SAP-480503,2026-03-01,CC-005,400000,-28112.97,Extracto obra OL-022 - Factura,OL-014
SAP-371734,2026-04-13,CC-003,620000,-41065.04,Extracto obra OL-002 - Factura,OL-013
SAP-266902,2026-01-12,CC-008,400200,63406.65,Extracto obra OL-008 - Abono,OL-007
SAP-842130,2026-02-07,CC-010,610100,-33784.55,Extracto obra OL-005 - Factura,
SAP-192144,2026-04-20,CC-001,610100,31371.76,Extracto obra OL-031 - Abono,OL-025
SAP-728851,2026-01-10,CC-006,410100,-41729.3,Extracto obra OL-016 - Nota crédito,OL-046
SAP-792117,,CC-006,410100,33616.94,,OL-005
SAP-207968,2026-02-14,CC-006,610100,-44917.81,Extracto obra OL-012 - Abono,OL-012
SAP-403550,2026-01-29,CC-006,620000,74815.55,Extracto obra OL-047 - Abono,OL-001
SAP-884169,2026-01-24,CC-002,400200,98858.24,Extracto obra OL-043 - Abono,
SAP-612544,2026-02-15,CC-004,400100,-11061.74,Extracto obra OL-050 - Nota crédito,OL-048
SAP-966790,2026-04-04,CC-005,620000,-1661.41,Extracto obra OL-006 - Nota crédito,OL-016
SAP-643338,2026-04-12,CC-005,410000,4044.69,Extracto obra OL-047 - Nota crédito,OL-007
SAP-547404,2026-02-14,CC-005,430100,-32204.76,Extracto obra OL-045 - Factura,OL-013
SAP-156153,2026-03-23,CC-005,430100,-35936.57,Extracto obra OL-008 - Factura,OL-013
SAP-881572,2026-02-25,CC-010,400000,32884.8,Extracto obra OL-048 - Factura,OL-049
SAP-101329,2026-04-10,CC-007,410000,12109.14,Extracto obra OL-023 - Factura,OL-030
SAP-600764,2026-03-31,CC-010,620000,88730.1,Extracto obra OL-024 - Nota crédito,OL-021
SAP-570189,2026-03-03,CC-006,400200,76788.19,Extracto obra OL-020 - Factura,OL-027
SAP-403204,2026-01-31,CC-002,430100,61724.3,Extracto obra OL-014 - Factura,OL-047
SAP-134047,2026-03-20,CC-010,610100,16998.46,Extracto obra OL-043 - Abono,OL-030
SAP-679812,2026-01-12,CC-006,430100,89972.46,Extracto obra OL-022 - Nota crédito,OL-015
SAP-308087,2026-04-12,CC-002,620000,49800.28,Extracto obra OL-018 - Nota crédito,OL-001
SAP-397438,2026-02-26,CC-002,430000,5352.71,Extracto obra OL-019 - Factura,
SAP-704148,2026-03-14,CC-001,430000,75429.29,Extracto obra OL-002 - Factura,OL-025
SAP-848473,2026-02-04,CC-009,620000,-10750.27,Extracto obra OL-043 - Nota crédito,OL-038
SAP-901699,2026-02-17,CC-010,620000,61886.35,Extracto obra OL-035 - Nota crédito,OL-016
SAP-709080,2026-04-10,CC-008,410000,-19611.1,Extracto obra OL-026 - Nota crédito,OL-012
SAP-929427,2026-02-28,CC-001,410100,6600.63,Extracto obra OL-035 - Abono,OL-031
SAP-224938,2026-02-07,CC-010,430100,-34389.96,Extracto obra OL-003 - Nota crédito,OL-039
SAP-575774,2026-02-04,CC-001,410100,-41395.06,Extracto obra OL-048 - Nota crédito,OL-007
SAP-607800,2026-01-03,CC-003,400000,41124.13,Extracto obra OL-017 - Nota crédito,OL-041
SAP-144731,2026-02-16,CC-001,610000,60888.18,Extracto obra OL-027 - Factura,OL-021
SAP-271508,2026-01-21,CC-010,410000,6909.13,Extracto obra OL-001 - Factura,OL-035
SAP-257285,2026-01-13,CC-010,610100,-41813.42,Extracto obra OL-031 - Factura,OL-036
SAP-139531,2026-01-05,CC-010,410000,,Extracto obra OL-011 - Factura,OL-015
SAP-453448,2026-03-23,CC-010,400000,12162.93,,OL-014
SAP-924817,2026-02-02,CC-005,400000,-49415.36,Extracto obra OL-022 - Factura,OL-003
SAP-984535,2026-02-25,CC-001,620000,-20784.86,Extracto obra OL-021 - Nota crédito,OL-026
SAP-881402,2026-04-05,CC-008,620000,-10051.11,Extracto obra OL-032 - Abono,OL-023
SAP-946214,2026-01-23,CC-002,400000,25719.75,,OL-042
SAP-319188,2026-04-27,CC-006,610000,-25467.43,Extracto obra OL-008 - Nota crédito,OL-016
SAP-616285,2026-04-27,CC-007,610000,29937.17,Extracto obra OL-007 - Abono,OL-012
SAP-586349,2026-03-06,CC-008,610000,-46466.77,Extracto obra OL-031 - Factura,OL-006
SAP-732020,2026-03-27,CC-005,410100,-13019.65,Extracto obra OL-035 - Factura,OL-014
SAP-817290,2026-04-10,CC-001,430000,7641.09,Extracto obra OL-027 - Nota crédito,OL-031
SAP-933866,2026-01-07,CC-010,410100,-32062.96,Extracto obra OL-007 - Abono,OL-035
SAP-136741,2026-03-22,CC-006,400000,64735.92,Extracto obra OL-013 - Factura,OL-020
SAP-415528,2026-01-02,CC-008,410000,,Extracto obra OL-027 - Abono,OL-007
SAP-385837,2026-04-10,CC-005,430100,,Extracto obra OL-043 - Abono,OL-044
SAP-502708,2026-01-08,CC-006,610100,,Extracto obra OL-031 - Abono,OL-049
SAP-205378,2026-02-10,CC-001,410000,-29244.19,Extracto obra OL-047 - Abono,OL-006
SAP-744202,2026-04-17,CC-007,400200,56325.1,Extracto obra OL-005 - Nota crédito,OL-008
SAP-649369,2026-01-16,CC-003,410100,,Extracto obra OL-010 - Factura,OL-005
SAP-269808,2026-03-01,CC-009,610100,55911.2,Extracto obra OL-009 - Abono,OL-020
SAP-161362,2026-01-21,CC-002,430100,41547.23,Extracto obra OL-010 - Abono,OL-036
SAP-254458,2026-02-25,CC-007,610100,596.93,Extracto obra OL-007 - Abono,OL-020
SAP-891824,2026-01-17,CC-002,430100,99458.67,Extracto obra OL-033 - Nota crédito,OL-048
SAP-537401,2026-04-02,CC-003,610100,94222.58,Extracto obra OL-006 - Nota crédito,OL-003
SAP-676394,2026-02-26,CC-008,610000,,Extracto obra OL-012 - Nota crédito,OL-038
SAP-706816,2026-04-15,CC-005,400100,53586.71,Extracto obra OL-004 - Nota crédito,OL-003
SAP-110918,2026-01-08,CC-005,430100,-35608.47,Extracto obra OL-039 - Nota crédito,OL-016
SAP-110526,2026-01-15,CC-003,410000,33028.74,Extracto obra OL-029 - Factura,OL-036
SAP-322487,2026-03-02,CC-003,400200,20769.0,Extracto obra OL-005 - Nota crédito,OL-015
SAP-477170,2026-01-22,CC-009,610000,92758.47,Extracto obra OL-030 - Abono,OL-023
SAP-125206,2026-01-14,CC-001,400200,27712.14,Extracto obra OL-046 - Abono,OL-036
SAP-875695,2026-02-03,CC-008,430100,-25084.21,Extracto obra OL-015 - Factura,OL-023
SAP-499641,2026-02-26,CC-004,610000,88962.45,Extracto obra OL-036 - Nota crédito,OL-007
SAP-815430,2026-03-05,CC-009,430100,67048.73,Extracto obra OL-014 - Abono,OL-049
SAP-648215,2026-02-08,CC-005,400100,,Extracto obra OL-019 - Abono,OL-040
SAP-970945,2026-03-25,CC-007,400100,-7861.46,,OL-029
SAP-618003,2026-04-11,CC-009,410100,-20921.25,Extracto obra OL-044 - Abono,OL-036
SAP-573000,2026-02-17,CC-005,400200,19807.24,Extracto obra OL-020 - Abono,OL-015
SAP-202474,2026-02-18,CC-003,430100,,Extracto obra OL-006 - Nota crédito,OL-035
SAP-854041,2026-01-17,CC-007,610100,30472.22,Extracto obra OL-022 - Nota crédito,OL-044
SAP-335603,2026-04-09,CC-006,400000,-5072.65,Extracto obra OL-007 - Abono,OL-036
SAP-634230,2026-01-18,CC-010,410000,34311.83,Extracto obra OL-027 - Factura,OL-002
SAP-235953,2026-03-03,CC-006,620000,34279.71,,OL-010
SAP-815800,2026-04-05,CC-007,410000,-22671.98,Extracto obra OL-013 - Abono,OL-025
SAP-307771,2026-04-07,CC-010,400200,10267.11,Extracto obra OL-028 - Factura,OL-008
SAP-385628,2026-03-29,CC-007,610100,-47354.31,Extracto obra OL-041 - Abono,OL-031
SAP-741390,2026-04-23,CC-007,400000,,Extracto obra OL-048 - Factura,OL-020
SAP-700315,2026-01-08,CC-004,610000,41342.66,Extracto obra OL-003 - Factura,
SAP-474393,2026-04-01,CC-004,610000,39207.94,Extracto obra OL-042 - Abono,OL-047
SAP-915450,2026-04-21,CC-004,410000,77911.83,Extracto obra OL-020 - Nota crédito,OL-031
SAP-343880,2026-03-13,CC-006,400200,-42204.5,Extracto obra OL-039 - Nota crédito,OL-043
SAP-784165,2026-03-24,CC-005,610100,-35926.14,Extracto obra OL-025 - Factura,OL-016
SAP-113223,2026-04-26,CC-004,400100,5162.41,Extracto obra OL-025 - Abono,OL-036
SAP-810509,2026-04-24,CC-001,410100,-30079.21,Extracto obra OL-018 - Abono,OL-003
SAP-800383,2026-01-01,CC-004,610000,90022.75,Extracto obra OL-016 - Factura,OL-036
SAP-513569,2026-02-05,CC-001,610100,-28580.96,Extracto obra OL-016 - Nota crédito,OL-022
SAP-969778,2026-01-18,CC-008,610100,29455.16,Extracto obra OL-032 - Nota crédito,OL-032
SAP-936060,2026-03-12,CC-010,410100,87742.2,Extracto obra OL-047 - Nota crédito,
SAP-847566,2026-02-23,CC-009,620000,22917.41,Extracto obra OL-019 - Factura,OL-036
SAP-649206,,CC-007,410000,83134.94,Extracto obra OL-008 - Factura,OL-030
SAP-938926,2026-04-17,CC-002,610100,33743.78,Extracto obra OL-041 - Nota crédito,OL-040
SAP-412582,2026-04-15,CC-008,410100,,Extracto obra OL-016 - Abono,OL-023
SAP-108059,2026-04-23,CC-010,430000,6772.54,Extracto obra OL-050 - Factura,OL-039
SAP-409233,2026-02-06,CC-006,400000,68411.28,Extracto obra OL-025 - Nota crédito,OL-038
SAP-327894,2026-03-16,CC-006,400200,52664.73,Extracto obra OL-032 - Nota crédito,OL-005
SAP-624063,2026-04-23,CC-001,410000,-565.76,Extracto obra OL-047 - Nota crédito,OL-024
SAP-431066,2026-01-04,CC-009,400000,8720.28,Extracto obra OL-039 - Nota crédito,OL-033
SAP-399894,2026-04-27,CC-003,620000,-18229.87,Extracto obra OL-011 - Nota crédito,OL-008
SAP-129790,2026-03-19,CC-003,400000,84667.33,Extracto obra OL-050 - Nota crédito,OL-031
SAP-944554,2026-03-11,CC-009,610100,-24159.62,Extracto obra OL-012 - Nota crédito,OL-027
SAP-429158,2026-04-25,CC-007,430100,41364.13,Extracto obra OL-013 - Factura,OL-017
SAP-280479,2026-01-03,CC-002,610100,89337.16,Extracto obra OL-023 - Abono,OL-007
SAP-873864,2026-01-02,CC-004,400100,67666.62,Extracto obra OL-019 - Factura,OL-028
SAP-482180,2026-01-15,CC-005,610000,-22199.84,Extracto obra OL-014 - Abono,OL-036
SAP-368238,2026-04-16,CC-010,430000,68909.79,Extracto obra OL-045 - Abono,OL-044
SAP-994447,2026-03-26,CC-003,610000,-31089.03,Extracto obra OL-045 - Abono,OL-038
SAP-205818,2026-02-26,CC-008,620000,-39776.87,Extracto obra OL-019 - Factura,OL-018
SAP-707047,2026-02-28,CC-001,400200,22464.03,Extracto obra OL-033 - Nota crédito,OL-001
SAP-648023,2026-04-04,CC-006,410000,77669.08,Extracto obra OL-033 - Nota crédito,OL-013
SAP-950162,2026-03-23,CC-002,430100,69498.28,Extracto obra OL-004 - Abono,OL-033
SAP-588290,2026-03-28,CC-004,400000,43382.76,Extracto obra OL-047 - Nota crédito,OL-043
SAP-967992,2026-02-17,CC-007,430000,-2729.7,Extracto obra OL-024 - Abono,OL-024
SAP-943413,2026-04-06,CC-001,400000,53033.62,,OL-021
SAP-379934,2026-03-26,CC-005,400000,10978.77,Extracto obra OL-016 - Factura,OL-023
SAP-977065,2026-02-09,CC-002,400000,-36123.7,Extracto obra OL-032 - Factura,OL-004
SAP-708095,2026-03-11,CC-003,610100,88638.69,Extracto obra OL-027 - Factura,OL-008
SAP-183897,2026-02-18,CC-001,430100,-6895.06,,OL-023
SAP-266929,,CC-007,610100,49028.59,Extracto obra OL-032 - Abono,OL-049
SAP-965021,2026-03-24,CC-005,410000,47393.24,Extracto obra OL-013 - Abono,OL-045
SAP-322372,2026-02-23,CC-005,410000,-8173.47,Extracto obra OL-007 - Abono,OL-046
SAP-577841,2026-01-14,CC-006,400200,57988.58,Extracto obra OL-012 - Nota crédito,OL-021
SAP-624982,2026-04-23,CC-007,410000,52798.67,Extracto obra OL-019 - Factura,OL-001
SAP-913059,2026-01-19,CC-004,620000,-43694.6,Extracto obra OL-023 - Abono,OL-048
SAP-878722,2026-03-03,CC-006,610100,59787.38,,OL-003
SAP-187992,2026-02-25,CC-004,620000,75306.43,Extracto obra OL-019 - Factura,OL-008
SAP-117532,2026-02-21,CC-003,410000,48504.73,Extracto obra OL-001 - Abono,OL-043
